harga,luas_bangunan,luas_tanah,kamar_tidur,kamar_mandi,garasi,kota
2990000000.0,272.0,239.0,4.0,4.0,0.0,Bekasi
1270000000.0,69.0,55.0,3.0,2.0,0.0,Bekasi
1950000000.0,131.0,119.0,3.0,3.0,1.0,Bekasi
3300000000.0,174.0,180.0,3.0,3.0,2.0,Bekasi
2700000000.0,200.0,136.0,3.0,3.0,1.0,Bekasi
2350000000.0,144.0,144.0,2.0,2.0,1.0,Bekasi
4500000000.0,250.0,216.0,4.0,4.0,1.0,Bekasi
2900000000.0,152.0,200.0,3.0,3.0,0.0,Bekasi
2700000000.0,200.0,136.0,3.0,3.0,1.0,Bekasi
2550000000.0,186.0,144.0,3.0,2.0,0.0,Bekasi
952000000.0,50.0,55.0,2.0,2.0,0.0,Bekasi
1800000000.0,82.0,119.0,2.0,1.0,1.0,Bekasi
2350000000.0,149.0,144.0,3.0,3.0,1.0,Bekasi
2500000000.0,200.0,144.0,3.0,3.0,1.0,Bekasi
2700000000.0,136.0,193.0,3.0,3.0,1.0,Bekasi
952000000.0,50.0,55.0,2.0,2.0,0.0,Bekasi
2250000000.0,150.0,119.0,4.0,3.0,0.0,Bekasi
2250000000.0,150.0,119.0,3.0,2.0,1.0,Bekasi
2450000000.0,150.0,144.0,3.0,3.0,0.0,Bekasi
125000000.0,110.0,110.0,3.0,1.0,0.0,Bekasi
1980000000.0,98.0,119.0,2.0,2.0,1.0,Bekasi
764000000.0,83.0,78.0,3.0,3.0,0.0,Bekasi
2000000000.0,155.0,164.0,3.0,2.0,0.0,Bekasi
764000000.0,83.0,78.0,3.0,3.0,0.0,Bekasi
2350000000.0,140.0,119.0,3.0,2.0,0.0,Bekasi
2550000000.0,186.0,144.0,3.0,2.0,1.0,Bekasi
480000000.0,30.0,55.0,2.0,1.0,0.0,Bekasi
1900000000.0,120.0,91.0,2.0,3.0,0.0,Bekasi
300000000.0,36.0,60.0,2.0,1.0,0.0,Bekasi
5270000000.0,307.0,192.0,4.0,3.0,0.0,Bekasi
2800000000.0,200.0,150.0,4.0,3.0,2.0,Bekasi
2710000000.0,149.0,135.0,4.0,4.0,0.0,Bekasi
500000000.0,42.0,72.0,3.0,1.0,0.0,Bekasi
439000000.0,37.0,60.0,3.0,1.0,0.0,Bekasi
800000000.0,82.0,92.0,3.0,2.0,2.0,Bekasi
850000000.0,125.0,200.0,3.0,2.0,1.0,Bekasi
700000000.0,146.0,90.0,3.0,2.0,1.0,Bekasi
1300000000.0,105.0,84.0,4.0,4.0,1.0,Bekasi
1200000000.0,90.0,120.0,3.0,2.0,0.0,Bekasi
2650000000.0,296.0,160.0,5.0,4.0,0.0,Bekasi
1300000000.0,105.0,84.0,4.0,4.0,1.0,Bekasi
1300000000.0,105.0,84.0,4.0,4.0,1.0,Bekasi
1300000000.0,105.0,84.0,4.0,3.0,0.0,Bekasi
425000000.0,65.0,90.0,2.0,1.0,0.0,Bekasi
280000000.0,40.0,70.0,2.0,1.0,1.0,Bekasi
999000000.0,190.0,127.0,6.0,2.0,1.0,Bekasi
1500000000.0,136.0,100.0,3.0,2.0,1.0,Bekasi
168000000.0,19.0,60.0,2.0,1.0,1.0,Bekasi
870000000.0,80.0,90.0,3.0,1.0,0.0,Bekasi
495000000.0,45.0,86.0,2.0,1.0,1.0,Bekasi
275000000.0,36.0,60.0,2.0,1.0,1.0,Bekasi
300000000.0,70.0,70.0,2.0,2.0,1.0,Bekasi
1440000000.0,60.0,55.0,2.0,2.0,0.0,Bekasi
764000000.0,83.0,78.0,3.0,3.0,0.0,Bekasi
1200000000.0,90.0,120.0,3.0,2.0,0.0,Bekasi
764000000.0,83.0,78.0,3.0,3.0,0.0,Bekasi
495000000.0,45.0,86.0,2.0,1.0,1.0,Bekasi
1500000000.0,136.0,100.0,4.0,3.0,2.0,Bekasi
300000000.0,36.0,60.0,2.0,1.0,1.0,Bekasi
365000000.0,36.0,60.0,2.0,1.0,0.0,Bekasi
350000000.0,38.0,60.0,2.0,1.0,0.0,Bekasi
351000000.0,38.0,60.0,2.0,1.0,0.0,Bekasi
393000000.0,36.0,60.0,2.0,1.0,0.0,Bekasi
392000000.0,36.0,72.0,2.0,1.0,0.0,Bekasi
440000000.0,36.0,66.0,2.0,1.0,1.0,Bekasi
351000000.0,38.0,60.0,2.0,1.0,0.0,Bekasi
401000000.0,38.0,66.0,2.0,1.0,0.0,Bekasi
1990000000.0,216.0,160.0,4.0,4.0,0.0,Bekasi
1150000000.0,126.0,126.0,3.0,2.0,0.0,Bekasi
950000000.0,87.0,66.0,3.0,2.0,1.0,Bekasi
1500000000.0,80.0,126.0,2.0,2.0,0.0,Bekasi
1250000000.0,56.0,84.0,2.0,2.0,1.0,Bekasi
1200000000.0,200.0,152.0,5.0,3.0,1.0,Bekasi
850000000.0,60.0,90.0,2.0,1.0,0.0,Bekasi
1280000000.0,120.0,139.0,3.0,2.0,1.0,Bekasi
895000000.0,90.0,58.0,3.0,3.0,1.0,Bekasi
1450000000.0,225.0,131.0,4.0,3.0,1.0,Bekasi
1300000000.0,90.0,126.0,2.0,1.0,0.0,Bekasi
690000000.0,60.0,90.0,2.0,2.0,0.0,Bekasi
950000000.0,120.0,90.0,2.0,1.0,1.0,Bekasi
1350000000.0,160.0,90.0,4.0,3.0,1.0,Bekasi
1000000000.0,120.0,138.0,3.0,2.0,1.0,Bekasi
2850000000.0,216.0,160.0,3.0,3.0,1.0,Bekasi
1150000000.0,52.0,78.0,3.0,2.0,0.0,Bekasi
342000000.0,63.0,36.0,2.0,1.0,1.0,Bekasi
327000000.0,60.0,36.0,2.0,1.0,1.0,Bekasi
975000000.0,70.0,90.0,2.0,1.0,0.0,Bekasi
975000000.0,70.0,90.0,3.0,2.0,0.0,Bekasi
1370000000.0,100.0,105.0,4.0,3.0,0.0,Bekasi
1370000000.0,100.0,105.0,4.0,3.0,0.0,Bekasi
2150000000.0,157.0,144.0,3.0,3.0,0.0,Bekasi
2150000000.0,157.0,144.0,3.0,3.0,0.0,Bekasi
2150000000.0,157.0,144.0,3.0,3.0,0.0,Bekasi
1200000000.0,94.0,126.0,3.0,2.0,0.0,Bekasi
1550000000.0,228.0,114.0,2.0,3.0,1.0,Bekasi
1250000000.0,69.0,108.0,2.0,2.0,0.0,Bekasi
168000000.0,29.0,60.0,2.0,1.0,1.0,Bekasi
1400000000.0,77.0,144.0,3.0,1.0,0.0,Bekasi
799000000.0,140.0,77.0,3.0,2.0,0.0,Bekasi
779000000.0,63.0,54.0,3.0,2.0,0.0,Bekasi
775000000.0,60.0,66.0,2.0,1.0,0.0,Bekasi
2150000000.0,157.0,144.0,3.0,3.0,2.0,Bekasi
779000000.0,53.0,63.0,3.0,2.0,0.0,Bekasi
1750000000.0,56.0,179.0,2.0,2.0,0.0,Bekasi
750000000.0,75.0,94.0,2.0,1.0,0.0,Bekasi
1250000000.0,136.0,125.0,5.0,4.0,1.0,Bekasi
870000000.0,70.0,94.0,3.0,2.0,0.0,Bekasi
1500000000.0,80.0,126.0,2.0,2.0,0.0,Bekasi
1500000000.0,105.0,105.0,3.0,2.0,0.0,Bekasi
1300000000.0,90.0,90.0,2.0,2.0,0.0,Bekasi
1300000000.0,90.0,90.0,2.0,2.0,0.0,Bekasi
1800000000.0,80.0,133.0,2.0,2.0,1.0,Bekasi
520000000.0,60.0,36.0,3.0,1.0,1.0,Bekasi
1300000000.0,56.0,84.0,2.0,2.0,0.0,Bekasi
685000000.0,110.0,94.0,2.0,1.0,1.0,Bekasi
930000000.0,70.0,105.0,2.0,1.0,1.0,Bekasi
685000000.0,110.0,94.0,2.0,1.0,1.0,Bekasi
2100000000.0,150.0,180.0,4.0,3.0,0.0,Bekasi
520000000.0,45.0,60.0,3.0,1.0,0.0,Bekasi
520000000.0,45.0,60.0,3.0,1.0,0.0,Bekasi
1200000000.0,63.0,119.0,2.0,1.0,1.0,Bekasi
1200000000.0,63.0,119.0,2.0,1.0,0.0,Bekasi
2170000000.0,121.0,144.0,3.0,2.0,0.0,Bekasi
1450000000.0,225.0,131.0,4.0,3.0,0.0,Bekasi
1200000000.0,53.0,90.0,2.0,2.0,1.0,Bekasi
1450000000.0,225.0,131.0,4.0,3.0,0.0,Bekasi
1400000000.0,69.0,108.0,2.0,2.0,0.0,Bekasi
620000000.0,70.0,96.0,2.0,1.0,0.0,Bekasi
1450000000.0,110.0,144.0,2.0,2.0,0.0,Bekasi
1800000000.0,120.0,144.0,3.0,2.0,0.0,Bekasi
1600000000.0,260.0,160.0,3.0,2.0,0.0,Bekasi
3000000000.0,280.0,160.0,4.0,5.0,0.0,Bekasi
3000000000.0,280.0,160.0,4.0,5.0,0.0,Bekasi
1600000000.0,260.0,120.0,3.0,2.0,0.0,Bekasi
1800000000.0,120.0,144.0,3.0,2.0,0.0,Bekasi
1400000000.0,69.0,108.0,2.0,2.0,0.0,Bekasi
970000000.0,63.0,53.0,3.0,2.0,0.0,Bekasi
575000000.0,55.0,60.0,2.0,1.0,1.0,Bekasi
900000000.0,69.0,72.0,3.0,2.0,1.0,Bekasi
1250000000.0,110.0,60.0,3.0,3.0,0.0,Bekasi
525000000.0,42.0,72.0,3.0,1.0,1.0,Bekasi
510000000.0,38.0,70.0,2.0,1.0,1.0,Bekasi
895000000.0,120.0,92.0,2.0,2.0,0.0,Bekasi
2500000000.0,110.0,135.0,4.0,3.0,0.0,Bekasi
1650000000.0,180.0,165.0,4.0,3.0,2.0,Bekasi
690000000.0,75.0,94.0,1.0,1.0,1.0,Bekasi
750000000.0,54.0,78.0,2.0,1.0,0.0,Bekasi
764000000.0,83.0,78.0,3.0,3.0,0.0,Bekasi
764000000.0,83.0,78.0,3.0,3.0,0.0,Bekasi
42000000.0,40.0,60.0,2.0,2.0,0.0,Bekasi
1400000000.0,150.0,77.0,3.0,3.0,0.0,Bekasi
500000000.0,48.0,60.0,2.0,2.0,1.0,Bekasi
342000000.0,63.0,66.0,2.0,1.0,2.0,Bekasi
764000000.0,83.0,78.0,3.0,3.0,0.0,Bekasi
764000000.0,83.0,78.0,3.0,3.0,0.0,Bekasi
500000000.0,48.0,60.0,2.0,2.0,1.0,Bekasi
1150000000.0,70.0,90.0,2.0,1.0,0.0,Bekasi
599000000.0,60.0,72.0,2.0,1.0,1.0,Bekasi
1680000000.0,90.0,200.0,3.0,2.0,1.0,Bekasi
1560000000.0,105.0,121.0,3.0,3.0,2.0,Bekasi
1180000000.0,77.0,84.0,3.0,3.0,0.0,Bekasi
1180000000.0,77.0,84.0,3.0,2.0,0.0,Bekasi
990000000.0,60.0,95.0,3.0,2.0,0.0,Bekasi
800000000.0,91.0,84.0,3.0,2.0,0.0,Bekasi
718000000.0,40.0,72.0,2.0,1.0,1.0,Bekasi
1390000000.0,64.0,60.0,3.0,2.0,0.0,Bekasi
764000000.0,83.0,78.0,3.0,3.0,0.0,Bekasi
1200000000.0,115.0,86.0,4.0,3.0,0.0,Bekasi
1310000000.0,115.0,86.0,3.0,3.0,1.0,Bekasi
680000000.0,36.0,72.0,2.0,1.0,0.0,Bekasi
680000000.0,36.0,72.0,2.0,1.0,1.0,Bekasi
1200000000.0,90.0,165.0,3.0,2.0,1.0,Bekasi
680000000.0,36.0,72.0,2.0,1.0,1.0,Bekasi
680000000.0,36.0,72.0,2.0,1.0,1.0,Bekasi
1200000000.0,90.0,165.0,3.0,2.0,1.0,Bekasi
680000000.0,36.0,72.0,2.0,1.0,1.0,Bekasi
1200000000.0,90.0,165.0,3.0,2.0,1.0,Bekasi
390000000.0,36.0,60.0,2.0,1.0,1.0,Bekasi
455000000.0,41.0,70.0,2.0,1.0,0.0,Bekasi
1010000000.0,65.0,125.0,3.0,2.0,0.0,Bekasi
690000000.0,48.0,96.0,2.0,1.0,0.0,Bekasi
988000000.0,60.0,72.0,3.0,2.0,1.0,Bekasi
465000000.0,55.0,60.0,2.0,1.0,1.0,Bekasi
480000000.0,55.0,60.0,2.0,2.0,1.0,Bekasi
625000000.0,48.0,72.0,2.0,1.0,0.0,Bekasi
3000000000.0,310.0,210.0,4.0,4.0,0.0,Bekasi
1180000000.0,77.0,84.0,3.0,2.0,0.0,Bekasi
1080000000.0,90.0,105.0,2.0,2.0,1.0,Bekasi
1050000000.0,70.0,90.0,2.0,1.0,1.0,Bekasi
1080000000.0,90.0,105.0,2.0,2.0,0.0,Bekasi
1150000000.0,70.0,90.0,2.0,1.0,0.0,Bekasi
1080000000.0,90.0,105.0,2.0,2.0,1.0,Bekasi
1080000000.0,90.0,105.0,2.0,2.0,1.0,Bekasi
1150000000.0,70.0,90.0,2.0,1.0,0.0,Bekasi
1150000000.0,70.0,90.0,2.0,1.0,0.0,Bekasi
1150000000.0,70.0,90.0,2.0,1.0,0.0,Bekasi
1210000000.0,77.0,84.0,3.0,3.0,0.0,Bekasi
1180000000.0,77.0,84.0,3.0,3.0,0.0,Bekasi
1150000000.0,70.0,90.0,2.0,1.0,0.0,Bekasi
1180000000.0,77.0,84.0,3.0,3.0,0.0,Bekasi
968000000.0,52.0,89.0,2.0,1.0,0.0,Bekasi
1650000000.0,180.0,165.0,4.0,3.0,2.0,Bekasi
1180000000.0,77.0,84.0,3.0,3.0,0.0,Bekasi
720000000.0,55.0,80.0,2.0,1.0,0.0,Bekasi
1300000000.0,105.0,84.0,4.0,3.0,1.0,Bekasi
1190000000.0,84.0,101.0,3.0,2.0,0.0,Bekasi
1180000000.0,77.0,84.0,3.0,2.0,1.0,Bekasi
1300000000.0,77.0,87.0,3.0,3.0,0.0,Bekasi
600000000.0,55.0,80.0,2.0,1.0,1.0,Bekasi
500000000.0,45.0,70.0,2.0,1.0,0.0,Bekasi
1100000000.0,72.0,82.0,3.0,3.0,0.0,Bekasi
1280000000.0,130.0,92.0,3.0,3.0,1.0,Bekasi
3700000000.0,300.0,216.0,3.0,4.0,2.0,Bekasi
1070000000.0,88.0,95.0,4.0,2.0,1.0,Bekasi
476000000.0,36.0,52.0,2.0,1.0,0.0,Bekasi
968000000.0,120.0,70.0,3.0,3.0,2.0,Bekasi
884000000.0,65.0,70.0,3.0,2.0,1.0,Bekasi
1180000000.0,140.0,95.0,4.0,3.0,2.0,Bekasi
4040000000.0,136.0,183.0,5.0,4.0,0.0,Bekasi
1100000000.0,172.0,180.0,3.0,3.0,1.0,Bekasi
2250000000.0,250.0,175.0,3.0,2.0,1.0,Bekasi
1800000000.0,113.0,115.0,3.0,2.0,1.0,Bekasi
800000000.0,76.0,97.0,2.0,1.0,0.0,Bekasi
920000000.0,85.0,70.0,3.0,2.0,0.0,Bekasi
1970000000.0,165.0,91.0,4.0,4.0,0.0,Bekasi
1990000000.0,110.0,178.0,3.0,3.0,0.0,Bekasi
1250000000.0,150.0,154.0,4.0,3.0,0.0,Bekasi
1110000000.0,80.0,75.0,3.0,3.0,0.0,Bekasi
1870000000.0,165.0,91.0,3.0,4.0,0.0,Bekasi
1590000000.0,156.0,118.0,3.0,3.0,0.0,Bekasi
1620000000.0,156.0,118.0,3.0,3.0,0.0,Bekasi
500000000.0,47.0,64.0,2.0,1.0,0.0,Bekasi
750000000.0,54.0,78.0,2.0,1.0,0.0,Bekasi
600000000.0,53.0,65.0,2.0,2.0,0.0,Bekasi
799000000.0,70.0,97.0,2.0,1.0,1.0,Bekasi
799000000.0,70.0,97.0,2.0,1.0,1.0,Bekasi
799000000.0,70.0,97.0,2.0,1.0,1.0,Bekasi
959000000.0,80.0,96.0,3.0,2.0,0.0,Bekasi
774000000.0,70.0,70.0,3.0,2.0,0.0,Bekasi
995000000.0,90.0,80.0,3.0,2.0,1.0,Bekasi
1400000000.0,71.0,112.0,2.0,2.0,0.0,Bekasi
1050000000.0,90.0,72.0,3.0,2.0,2.0,Bekasi
975000000.0,70.0,100.0,3.0,2.0,0.0,Bekasi
620000000.0,50.0,72.0,2.0,1.0,1.0,Bekasi
959000000.0,80.0,72.0,3.0,2.0,0.0,Bekasi
875000000.0,66.0,100.0,3.0,2.0,0.0,Bekasi
600000000.0,50.0,72.0,2.0,1.0,1.0,Bekasi
807000000.0,63.0,42.0,3.0,2.0,1.0,Bekasi
580000000.0,50.0,60.0,3.0,1.0,1.0,Bekasi
679000000.0,45.0,63.0,2.0,1.0,1.0,Bekasi
900000000.0,80.0,72.0,3.0,2.0,0.0,Bekasi
849000000.0,90.0,70.0,3.0,2.0,2.0,Bekasi
880000000.0,66.0,75.0,3.0,2.0,0.0,Bekasi
695000000.0,58.0,65.0,2.0,2.0,0.0,Bekasi
465000000.0,36.0,60.0,2.0,1.0,0.0,Bekasi
857000000.0,62.0,42.0,2.0,2.0,1.0,Bekasi
650000000.0,45.0,72.0,2.0,1.0,1.0,Bekasi
145000000.0,140.0,175.0,4.0,3.0,0.0,Bekasi
675000000.0,71.0,99.0,3.0,3.0,0.0,Bekasi
350000000.0,57.0,66.0,2.0,1.0,1.0,Bekasi
350000000.0,57.0,66.0,2.0,1.0,1.0,Bekasi
2790000000.0,252.0,250.0,5.0,4.0,1.0,Bekasi
2790000000.0,252.0,250.0,5.0,4.0,1.0,Bekasi
2790000000.0,252.0,250.0,5.0,4.0,1.0,Bekasi
750000000.0,54.0,78.0,2.0,1.0,0.0,Bekasi
400000000.0,42.0,70.0,2.0,1.0,2.0,Bekasi
1350000000.0,133.0,175.0,4.0,3.0,1.0,Bekasi
1350000000.0,133.0,175.0,4.0,3.0,1.0,Bekasi
750000000.0,54.0,78.0,2.0,1.0,0.0,Bekasi
550000000.0,40.0,60.0,2.0,1.0,0.0,Bekasi
700000000.0,54.0,78.0,3.0,2.0,2.0,Bekasi
682000000.0,45.0,63.0,2.0,1.0,0.0,Bekasi
2300000000.0,300.0,200.0,3.0,3.0,0.0,Bekasi
1200000000.0,90.0,165.0,3.0,2.0,1.0,Bekasi
1250000000.0,65.0,112.0,3.0,2.0,1.0,Bekasi
2300000000.0,127.0,160.0,3.0,2.0,0.0,Bekasi
2200000000.0,127.0,160.0,3.0,2.0,0.0,Bekasi
410000000.0,36.0,60.0,2.0,1.0,0.0,Bekasi
1960000000.0,101.0,105.0,4.0,3.0,0.0,Bekasi
875000000.0,42.0,66.0,2.0,2.0,0.0,Bekasi
695000000.0,58.0,60.0,2.0,2.0,0.0,Bekasi
1800000000.0,170.0,140.0,4.0,3.0,0.0,Bekasi
1050000000.0,90.0,72.0,3.0,2.0,2.0,Bekasi
1050000000.0,90.0,72.0,3.0,2.0,2.0,Bekasi
1050000000.0,90.0,72.0,3.0,2.0,2.0,Bekasi
1050000000.0,90.0,72.0,3.0,2.0,2.0,Bekasi
1050000000.0,90.0,72.0,3.0,2.0,2.0,Bekasi
1250000000.0,100.0,105.0,3.0,2.0,0.0,Bekasi
1690000000.0,300.0,182.0,5.0,5.0,0.0,Bekasi
1620000000.0,170.0,92.0,3.0,3.0,1.0,Bekasi
735000000.0,47.0,84.0,2.0,1.0,0.0,Bekasi
1620000000.0,160.0,92.0,3.0,3.0,0.0,Bekasi
2100000000.0,200.0,120.0,4.0,2.0,0.0,Bekasi
799000000.0,48.0,92.0,2.0,1.0,0.0,Bekasi
3400000000.0,285.0,160.0,4.0,2.0,0.0,Bekasi
1250000000.0,165.0,123.0,3.0,3.0,0.0,Bekasi
1200000000.0,109.0,77.0,3.0,2.0,0.0,Bekasi
1050000000.0,90.0,72.0,3.0,2.0,0.0,Bekasi
1350000000.0,205.0,160.0,3.0,2.0,0.0,Bekasi
700000000.0,46.0,78.0,3.0,2.0,2.0,Bekasi
2200000000.0,154.0,154.0,3.0,2.0,1.0,Bekasi
703000000.0,55.0,75.0,2.0,1.0,1.0,Bekasi
1050000000.0,108.0,72.0,3.0,2.0,0.0,Bekasi
1050000000.0,108.0,72.0,3.0,2.0,1.0,Bekasi
950000000.0,87.0,66.0,3.0,2.0,0.0,Bekasi
2190000000.0,150.0,136.0,3.0,3.0,0.0,Bekasi
950000000.0,87.0,66.0,3.0,2.0,1.0,Bekasi
999000000.0,99.0,75.0,3.0,2.0,1.0,Bekasi
2100000000.0,120.0,104.0,3.0,3.0,0.0,Bekasi
545000000.0,42.0,72.0,2.0,1.0,0.0,Bekasi
725000000.0,121.0,80.0,3.0,2.0,1.0,Bekasi
463000000.0,29.0,60.0,2.0,1.0,0.0,Bekasi
575000000.0,165.0,98.0,4.0,2.0,0.0,Bekasi
320000000.0,135.0,108.0,2.0,1.0,1.0,Bekasi
468000000.0,45.0,72.0,2.0,1.0,1.0,Bekasi
168000000.0,29.0,60.0,2.0,1.0,1.0,Bekasi
875000000.0,75.0,90.0,3.0,1.0,0.0,Bekasi
496000000.0,36.0,72.0,2.0,1.0,0.0,Bekasi
779000000.0,63.0,53.0,3.0,2.0,0.0,Bekasi
800000000.0,69.0,90.0,3.0,1.0,1.0,Bekasi
800000000.0,69.0,90.0,3.0,1.0,1.0,Bekasi
764000000.0,83.0,78.0,3.0,3.0,0.0,Bekasi
1600000000.0,200.0,186.0,4.0,3.0,1.0,Bekasi
1150000000.0,140.0,105.0,4.0,3.0,0.0,Bekasi
764000000.0,83.0,78.0,3.0,3.0,0.0,Bekasi
42000000.0,40.0,60.0,2.0,2.0,0.0,Bekasi
1350000000.0,150.0,180.0,2.0,2.0,1.0,Bekasi
2200000000.0,230.0,210.0,4.0,2.0,0.0,Bekasi
2000000000.0,71.0,118.0,3.0,3.0,0.0,Bekasi
625000000.0,48.0,75.0,2.0,1.0,0.0,Bekasi
1000000000.0,196.0,150.0,4.0,2.0,1.0,Bekasi
1600000000.0,100.0,119.0,2.0,2.0,1.0,Bekasi
680000000.0,36.0,72.0,2.0,1.0,1.0,Bekasi
490000000.0,45.0,72.0,2.0,1.0,0.0,Bekasi
665000000.0,54.0,97.0,3.0,1.0,0.0,Bekasi
445000000.0,54.0,97.0,2.0,1.0,0.0,Bekasi
570000000.0,54.0,97.0,2.0,1.0,1.0,Bekasi
1050000000.0,84.0,119.0,2.0,1.0,0.0,Bekasi
1500000000.0,180.0,250.0,2.0,1.0,1.0,Bekasi
665000000.0,54.0,97.0,3.0,1.0,0.0,Bekasi
665000000.0,54.0,97.0,3.0,1.0,0.0,Bekasi
950000000.0,87.0,66.0,3.0,2.0,0.0,Bekasi
650000000.0,60.0,72.0,2.0,1.0,1.0,Bekasi
975000000.0,60.0,120.0,3.0,1.0,0.0,Bekasi
799000000.0,70.0,97.0,2.0,1.0,1.0,Bekasi
3700000000.0,300.0,216.0,3.0,4.0,2.0,Bekasi
950000000.0,87.0,66.0,3.0,2.0,0.0,Bekasi
350000000.0,36.0,60.0,2.0,1.0,0.0,Bekasi
524000000.0,66.0,40.0,2.0,1.0,0.0,Bekasi
325000000.0,45.0,60.0,2.0,1.0,1.0,Bekasi
325000000.0,45.0,60.0,2.0,1.0,1.0,Bekasi
335000000.0,45.0,60.0,3.0,1.0,1.0,Bekasi
310000000.0,45.0,60.0,2.0,1.0,1.0,Bekasi
1500000000.0,88.0,120.0,3.0,2.0,0.0,Bekasi
1500000000.0,88.0,120.0,3.0,2.0,0.0,Bekasi
6640000000.0,39.0,72.0,2.0,1.0,0.0,Bekasi
327000000.0,61.0,36.0,2.0,1.0,0.0,Bekasi
332000000.0,61.0,36.0,2.0,1.0,2.0,Bekasi
395000000.0,40.0,60.0,2.0,1.0,0.0,Bekasi
168000000.0,29.0,60.0,2.0,1.0,0.0,Bekasi
480000000.0,72.0,72.0,2.0,1.0,0.0,Bekasi
395000000.0,40.0,60.0,2.0,1.0,0.0,Bekasi
360000000.0,62.0,62.0,2.0,1.0,1.0,Bekasi
350000000.0,45.0,72.0,2.0,1.0,1.0,Bekasi
370000000.0,75.0,60.0,3.0,2.0,0.0,Bekasi
320000000.0,45.0,60.0,2.0,1.0,0.0,Bekasi
853000000.0,60.0,55.0,2.0,1.0,0.0,Bekasi
550000000.0,36.0,60.0,2.0,1.0,0.0,Bekasi
2200000000.0,230.0,162.0,4.0,4.0,0.0,Bekasi
1950000000.0,200.0,220.0,4.0,2.0,1.0,Bekasi
1960000000.0,85.0,90.0,3.0,2.0,0.0,Bekasi
1150000000.0,150.0,90.0,4.0,2.0,0.0,Bekasi
1800000000.0,84.0,120.0,2.0,3.0,0.0,Bekasi
1400000000.0,150.0,130.0,3.0,2.0,1.0,Bekasi
1400000000.0,150.0,130.0,3.0,2.0,1.0,Bekasi
1250000000.0,81.0,90.0,3.0,2.0,0.0,Bekasi
850000000.0,110.0,90.0,2.0,1.0,0.0,Bekasi
1850000000.0,135.0,215.0,3.0,2.0,0.0,Bekasi
1080000000.0,90.0,105.0,2.0,2.0,1.0,Bekasi
1200000000.0,90.0,165.0,3.0,2.0,1.0,Bekasi
390000000.0,36.0,73.0,2.0,1.0,1.0,Bekasi
2750000000.0,211.0,225.0,6.0,4.0,1.0,Bekasi
2750000000.0,128.0,160.0,4.0,4.0,0.0,Bekasi
590000000.0,150.0,153.0,3.0,2.0,1.0,Bekasi
990000000.0,123.0,220.0,3.0,2.0,0.0,Bekasi
2000000000.0,96.0,216.0,2.0,1.0,1.0,Bekasi
635000000.0,86.0,55.0,2.0,1.0,0.0,Bekasi
475000000.0,41.0,78.0,2.0,1.0,1.0,Bekasi
525000000.0,80.0,60.0,3.0,2.0,0.0,Bekasi
525000000.0,80.0,60.0,3.0,2.0,0.0,Bekasi
375000000.0,60.0,60.0,3.0,2.0,0.0,Bekasi
1100000000.0,90.0,65.0,3.0,2.0,0.0,Bekasi
2000000000.0,100.0,216.0,2.0,1.0,1.0,Bekasi
764000000.0,83.0,78.0,3.0,3.0,0.0,Bekasi
764000000.0,83.0,78.0,3.0,3.0,0.0,Bekasi
920000000.0,85.0,113.0,4.0,3.0,0.0,Bekasi
774000000.0,70.0,70.0,3.0,2.0,0.0,Bekasi
1700000000.0,160.0,125.0,3.0,2.0,0.0,Bekasi
2800000000.0,300.0,209.0,4.0,4.0,1.0,Bekasi
2800000000.0,300.0,209.0,6.0,5.0,1.0,Bekasi
1700000000.0,150.0,102.0,3.0,2.0,1.0,Bekasi
2800000000.0,300.0,209.0,6.0,5.0,2.0,Bekasi
1250000000.0,80.0,98.0,2.0,2.0,1.0,Bekasi
2850000000.0,180.0,181.0,3.0,3.0,0.0,Bekasi
1800000000.0,135.0,90.0,3.0,3.0,0.0,Bekasi
1000000000.0,70.0,90.0,2.0,2.0,0.0,Bekasi
800000000.0,54.0,90.0,2.0,1.0,1.0,Bekasi
895000000.0,120.0,120.0,3.0,1.0,0.0,Bekasi
450000000.0,60.0,60.0,1.0,1.0,0.0,Bekasi
1500000000.0,88.0,120.0,3.0,2.0,0.0,Bekasi
590000000.0,54.0,90.0,2.0,1.0,0.0,Bekasi
590000000.0,54.0,90.0,2.0,1.0,0.0,Bekasi
1500000000.0,88.0,120.0,2.0,1.0,0.0,Bekasi
1250000000.0,130.0,105.0,3.0,2.0,1.0,Bekasi
1250000000.0,130.0,105.0,3.0,2.0,1.0,Bekasi
970000000.0,63.0,56.0,3.0,2.0,0.0,Bekasi
779000000.0,63.0,53.0,3.0,2.0,0.0,Bekasi
550000000.0,54.0,90.0,2.0,1.0,0.0,Bekasi
550000000.0,54.0,90.0,2.0,1.0,0.0,Bekasi
375000000.0,60.0,72.0,2.0,1.0,2.0,Bekasi
550000000.0,100.0,120.0,3.0,2.0,0.0,Bekasi
550000000.0,35.0,75.0,2.0,1.0,0.0,Bekasi
455000000.0,45.0,72.0,2.0,1.0,0.0,Bekasi
900000000.0,90.0,120.0,2.0,1.0,0.0,Bekasi
390000000.0,36.0,60.0,3.0,2.0,0.0,Bekasi
967000000.0,68.0,82.0,3.0,3.0,1.0,Bekasi
1500000000.0,150.0,240.0,5.0,2.0,1.0,Bekasi
2300000000.0,180.0,200.0,5.0,4.0,3.0,Bekasi
390000000.0,30.0,60.0,2.0,1.0,0.0,Bekasi
409000000.0,40.0,60.0,2.0,1.0,0.0,Bekasi
168000000.0,30.0,60.0,2.0,1.0,1.0,Bekasi
300000000.0,36.0,60.0,2.0,1.0,0.0,Bekasi
1650000000.0,100.0,123.0,4.0,1.0,0.0,Bekasi
450000000.0,100.0,120.0,3.0,2.0,1.0,Bekasi
900000000.0,100.0,150.0,3.0,2.0,0.0,Bekasi
750000000.0,100.0,50.0,3.0,2.0,1.0,Bekasi
1050000000.0,90.0,72.0,3.0,2.0,2.0,Bekasi
2500000000.0,200.0,194.0,3.0,2.0,0.0,Bekasi
300000000.0,45.0,52.0,2.0,1.0,0.0,Bekasi
795000000.0,150.0,90.0,4.0,2.0,0.0,Bekasi
1000000000.0,108.0,72.0,3.0,2.0,0.0,Bekasi
1900000000.0,66.0,136.0,3.0,2.0,0.0,Bekasi
1180000000.0,77.0,84.0,3.0,3.0,0.0,Bekasi
1430000000.0,95.0,105.0,4.0,3.0,0.0,Bekasi
1180000000.0,77.0,84.0,3.0,2.0,1.0,Bekasi
400000000.0,38.0,60.0,2.0,1.0,0.0,Bekasi
1470000000.0,62.0,84.0,2.0,2.0,0.0,Bekasi
440000000.0,54.0,78.0,2.0,2.0,0.0,Bekasi
324000000.0,36.0,72.0,2.0,1.0,0.0,Bekasi
764000000.0,83.0,78.0,3.0,3.0,0.0,Bekasi
764000000.0,83.0,78.0,3.0,3.0,0.0,Bekasi
764000000.0,83.0,78.0,3.0,3.0,0.0,Bekasi
1900000000.0,195.0,150.0,3.0,3.0,0.0,Bekasi
650000000.0,68.0,50.0,2.0,2.0,0.0,Bekasi
1450000000.0,272.0,158.0,4.0,3.0,2.0,Bekasi
650000000.0,68.0,50.0,2.0,2.0,0.0,Bekasi
925000000.0,80.0,108.0,3.0,2.0,0.0,Bekasi
950000000.0,87.0,66.0,3.0,2.0,0.0,Bekasi
1300000000.0,150.0,95.0,4.0,2.0,0.0,Bekasi
1350000000.0,150.0,95.0,4.0,2.0,1.0,Bekasi
490000000.0,30.0,66.0,2.0,1.0,0.0,Bekasi
650000000.0,100.0,120.0,3.0,2.0,1.0,Bekasi
770000000.0,60.0,91.0,2.0,1.0,0.0,Bekasi
720000000.0,85.0,100.0,2.0,1.0,1.0,Bekasi
875000000.0,100.0,66.0,3.0,2.0,1.0,Bekasi
875000000.0,100.0,66.0,3.0,2.0,1.0,Bekasi
875000000.0,100.0,66.0,3.0,2.0,1.0,Bekasi
1490000000.0,135.0,72.0,3.0,2.0,0.0,Bekasi
2750000000.0,250.0,168.0,4.0,3.0,0.0,Bekasi
1900000000.0,110.0,72.0,3.0,2.0,0.0,Bekasi
850000000.0,90.0,113.0,3.0,2.0,0.0,Bekasi
1900000000.0,110.0,72.0,3.0,2.0,0.0,Bekasi
1590000000.0,165.0,150.0,5.0,3.0,0.0,Bekasi
3100000000.0,250.0,179.0,5.0,3.0,0.0,Bekasi
700000000.0,55.0,78.0,4.0,2.0,2.0,Bekasi
930000000.0,48.0,60.0,2.0,2.0,0.0,Bekasi
2000000000.0,105.0,90.0,3.0,3.0,1.0,Bekasi
2700000000.0,165.0,126.0,6.0,4.0,0.0,Bekasi
420000000.0,36.0,60.0,2.0,1.0,0.0,Bekasi
1200000000.0,90.0,107.0,3.0,1.0,1.0,Bekasi
2300000000.0,143.0,200.0,3.0,2.0,0.0,Bekasi
1950000000.0,156.0,164.0,7.0,2.0,0.0,Bekasi
2000000000.0,110.0,105.0,2.0,2.0,1.0,Bekasi
764000000.0,83.0,78.0,3.0,3.0,0.0,Bekasi
764000000.0,83.0,78.0,3.0,3.0,0.0,Bekasi
1400000000.0,90.0,194.0,3.0,2.0,1.0,Bekasi
385000000.0,45.0,72.0,2.0,2.0,1.0,Bekasi
950000000.0,100.0,90.0,3.0,2.0,0.0,Bekasi
345000000.0,38.0,60.0,3.0,1.0,0.0,Bekasi
180000000.0,30.0,75.0,3.0,2.0,0.0,Bekasi
250000000.0,50.0,60.0,2.0,1.0,1.0,Bekasi
481000000.0,36.0,72.0,2.0,1.0,0.0,Bekasi
555000000.0,72.0,27.0,2.0,1.0,0.0,Bekasi
375000000.0,40.0,70.0,2.0,1.0,1.0,Bekasi
723000000.0,121.0,80.0,3.0,2.0,1.0,Bekasi
495000000.0,80.0,120.0,2.0,1.0,0.0,Bekasi
850000000.0,53.0,60.0,3.0,2.0,1.0,Bekasi
400000000.0,42.0,77.0,2.0,1.0,2.0,Bekasi
777000000.0,58.0,84.0,2.0,1.0,0.0,Bekasi
625000000.0,48.0,72.0,2.0,1.0,0.0,Bekasi
1000000000.0,90.0,72.0,3.0,2.0,0.0,Bekasi
1400000000.0,133.0,144.0,4.0,4.0,0.0,Bekasi
650000000.0,70.0,84.0,2.0,2.0,0.0,Bekasi
700000000.0,60.0,82.0,3.0,2.0,2.0,Bekasi
418000000.0,36.0,72.0,3.0,1.0,0.0,Bekasi
320000000.0,50.0,60.0,2.0,1.0,1.0,Bekasi
370000000.0,50.0,60.0,2.0,1.0,1.0,Bekasi
325000000.0,45.0,60.0,2.0,1.0,1.0,Bekasi
750000000.0,80.0,119.0,2.0,1.0,2.0,Bekasi
450000000.0,45.0,60.0,2.0,1.0,1.0,Bekasi
600000000.0,70.0,110.0,2.0,1.0,1.0,Bekasi
600000000.0,70.0,110.0,2.0,2.0,1.0,Bekasi
325000000.0,45.0,60.0,2.0,1.0,1.0,Bekasi
435000000.0,45.0,60.0,2.0,1.0,1.0,Bekasi
750000000.0,80.0,119.0,2.0,1.0,2.0,Bekasi
800000000.0,150.0,78.0,4.0,2.0,1.0,Bekasi
480000000.0,45.0,60.0,2.0,1.0,1.0,Bekasi
250000000.0,42.0,60.0,2.0,1.0,0.0,Bekasi
550000000.0,70.0,74.0,2.0,2.0,1.0,Bekasi
2900000000.0,140.0,241.0,5.0,3.0,0.0,Bekasi
4800000000.0,300.0,220.0,3.0,2.0,0.0,Bekasi
975000000.0,80.0,93.0,2.0,2.0,1.0,Bekasi
1400000000.0,180.0,180.0,3.0,1.0,0.0,Bekasi
550000000.0,50.0,72.0,2.0,1.0,0.0,Bekasi
1350000000.0,150.0,180.0,2.0,2.0,0.0,Bekasi
850000000.0,69.0,90.0,3.0,1.0,0.0,Bekasi
1100000000.0,117.0,135.0,4.0,2.0,0.0,Bekasi
950000000.0,80.0,93.0,3.0,2.0,1.0,Bekasi
950000000.0,80.0,65.0,3.0,2.0,1.0,Bekasi
695000000.0,90.0,79.0,3.0,2.0,0.0,Bekasi
695000000.0,90.0,70.0,3.0,2.0,0.0,Bekasi
980000000.0,78.0,135.0,2.0,1.0,0.0,Bekasi
470000000.0,50.0,70.0,2.0,1.0,1.0,Bekasi
496000000.0,36.0,72.0,2.0,1.0,0.0,Bekasi
600000000.0,120.0,80.0,2.0,2.0,0.0,Bekasi
399000000.0,54.0,72.0,2.0,1.0,0.0,Bekasi
450000000.0,50.0,72.0,2.0,1.0,0.0,Bekasi
2300000000.0,143.0,200.0,3.0,2.0,0.0,Bekasi
475000000.0,112.0,112.0,3.0,2.0,0.0,Bekasi
1300000000.0,140.0,126.0,6.0,3.0,2.0,Bekasi
265000000.0,36.0,60.0,2.0,1.0,0.0,Bekasi
380000000.0,45.0,100.0,2.0,1.0,0.0,Bekasi
160000000.0,50.0,60.0,3.0,1.0,0.0,Bekasi
525000000.0,80.0,60.0,3.0,2.0,0.0,Bekasi
770000000.0,75.0,105.0,2.0,1.0,0.0,Bekasi
750000000.0,54.0,78.0,2.0,1.0,0.0,Bekasi
690000000.0,55.0,90.0,2.0,2.0,2.0,Bekasi
700000000.0,45.0,78.0,3.0,2.0,2.0,Bekasi
995000000.0,70.0,78.0,3.0,2.0,1.0,Bekasi
570000000.0,60.0,72.0,2.0,1.0,0.0,Bekasi
570000000.0,45.0,84.0,2.0,1.0,0.0,Bekasi
600000000.0,50.0,90.0,3.0,2.0,0.0,Bekasi
450000000.0,48.0,72.0,2.0,1.0,0.0,Bekasi
1150000000.0,170.0,90.0,3.0,2.0,2.0,Bekasi
1150000000.0,170.0,90.0,3.0,2.0,2.0,Bekasi
1100000000.0,220.0,182.0,4.0,2.0,0.0,Bekasi
500000000.0,70.0,114.0,3.0,2.0,0.0,Bekasi
2400000000.0,300.0,225.0,3.0,2.0,0.0,Bekasi
2400000000.0,300.0,225.0,3.0,2.0,0.0,Bekasi
1290000000.0,160.0,94.0,3.0,2.0,0.0,Bekasi
690000000.0,100.0,140.0,4.0,3.0,0.0,Bogor
995000000.0,100.0,129.0,3.0,2.0,0.0,Bogor
945000000.0,70.0,90.0,3.0,1.0,0.0,Bogor
1440000000.0,110.0,90.0,3.0,2.0,1.0,Bogor
550000000.0,80.0,90.0,2.0,1.0,0.0,Bogor
1000000000.0,150.0,90.0,3.0,2.0,0.0,Bogor
1440000000.0,110.0,90.0,3.0,2.0,1.0,Bogor
3000000000.0,196.0,162.0,4.0,2.0,0.0,Bogor
1380000000.0,150.0,105.0,3.0,2.0,1.0,Bogor
945000000.0,90.0,70.0,3.0,1.0,1.0,Bogor
1440000000.0,110.0,90.0,3.0,2.0,1.0,Bogor
1380000000.0,150.0,105.0,3.0,2.0,1.0,Bogor
2000000000.0,200.0,144.0,5.0,6.0,1.0,Bogor
1800000000.0,90.0,224.0,2.0,1.0,0.0,Bogor
650000000.0,100.0,90.0,2.0,2.0,1.0,Bogor
1900000000.0,120.0,216.0,2.0,3.0,1.0,Bogor
900000000.0,90.0,90.0,2.0,1.0,1.0,Bogor
850000000.0,130.0,139.0,3.0,2.0,0.0,Bogor
650000000.0,100.0,90.0,2.0,2.0,1.0,Bogor
1300000000.0,62.0,150.0,2.0,1.0,0.0,Bogor
2150000000.0,110.0,216.0,2.0,4.0,1.0,Bogor
1300000000.0,160.0,117.0,5.0,3.0,0.0,Bogor
1250000000.0,105.0,144.0,3.0,2.0,0.0,Bogor
700000000.0,40.0,137.0,2.0,1.0,1.0,Bogor
1900000000.0,102.0,126.0,3.0,2.0,0.0,Bogor
1350000000.0,96.0,94.0,3.0,2.0,0.0,Bogor
2500000000.0,300.0,180.0,4.0,4.0,0.0,Bogor
1300000000.0,62.0,150.0,2.0,1.0,0.0,Bogor
945000000.0,70.0,90.0,3.0,1.0,0.0,Bogor
1000000000.0,63.0,150.0,2.0,1.0,0.0,Bogor
1250000000.0,89.0,84.0,3.0,2.0,0.0,Bogor
1650000000.0,89.0,84.0,3.0,2.0,0.0,Bogor
1150000000.0,150.0,90.0,3.0,2.0,0.0,Bogor
2750000000.0,221.0,220.0,4.0,3.0,2.0,Bogor
2400000000.0,145.0,183.0,3.0,3.0,1.0,Bogor
1200000000.0,240.0,120.0,4.0,4.0,0.0,Bogor
945000000.0,70.0,90.0,3.0,1.0,0.0,Bogor
1650000000.0,89.0,84.0,3.0,2.0,0.0,Bogor
1250000000.0,89.0,84.0,3.0,2.0,0.0,Bogor
1150000000.0,150.0,90.0,3.0,2.0,0.0,Bogor
1300000000.0,62.0,150.0,2.0,1.0,0.0,Bogor
1250000000.0,88.0,144.0,3.0,2.0,0.0,Bogor
1000000000.0,63.0,150.0,2.0,1.0,0.0,Bogor
2500000000.0,300.0,180.0,4.0,4.0,0.0,Bogor
750000000.0,60.0,105.0,2.0,2.0,0.0,Bogor
1250000000.0,89.0,84.0,3.0,2.0,0.0,Bogor
1650000000.0,89.0,84.0,3.0,2.0,0.0,Bogor
1150000000.0,150.0,90.0,3.0,2.0,0.0,Bogor
945000000.0,70.0,90.0,3.0,1.0,0.0,Bogor
945000000.0,70.0,90.0,3.0,1.0,0.0,Bogor
1650000000.0,89.0,84.0,3.0,2.0,0.0,Bogor
1150000000.0,150.0,90.0,3.0,2.0,0.0,Bogor
1250000000.0,89.0,84.0,3.0,2.0,0.0,Bogor
1000000000.0,63.0,150.0,2.0,1.0,0.0,Bogor
1250000000.0,88.0,144.0,3.0,3.0,0.0,Bogor
550000000.0,60.0,84.0,2.0,2.0,0.0,Bogor
1500000000.0,141.0,141.0,5.0,3.0,0.0,Bogor
575000000.0,65.0,81.0,3.0,2.0,0.0,Bogor
825000000.0,65.0,90.0,2.0,2.0,0.0,Bogor
3700000000.0,200.0,127.0,3.0,3.0,0.0,Bogor
900000000.0,90.0,90.0,2.0,1.0,0.0,Bogor
2500000000.0,300.0,180.0,4.0,4.0,0.0,Bogor
945000000.0,70.0,90.0,3.0,1.0,0.0,Bogor
3700000000.0,200.0,127.0,3.0,3.0,0.0,Bogor
1500000000.0,141.0,141.0,5.0,3.0,0.0,Bogor
575000000.0,65.0,81.0,3.0,2.0,0.0,Bogor
825000000.0,65.0,90.0,2.0,2.0,0.0,Bogor
945000000.0,70.0,90.0,3.0,1.0,0.0,Bogor
900000000.0,90.0,90.0,2.0,1.0,0.0,Bogor
2500000000.0,300.0,180.0,4.0,4.0,0.0,Bogor
1150000000.0,150.0,90.0,3.0,2.0,0.0,Bogor
945000000.0,70.0,90.0,3.0,1.0,0.0,Bogor
1650000000.0,89.0,84.0,3.0,2.0,0.0,Bogor
1250000000.0,89.0,84.0,3.0,2.0,0.0,Bogor
945000000.0,70.0,90.0,3.0,1.0,0.0,Bogor
775000000.0,44.0,105.0,2.0,1.0,0.0,Bogor
1100000000.0,60.0,90.0,1.0,1.0,0.0,Bogor
1250000000.0,88.0,144.0,3.0,2.0,0.0,Bogor
950000000.0,50.0,108.0,2.0,1.0,0.0,Bogor
1000000000.0,63.0,150.0,2.0,1.0,0.0,Bogor
1650000000.0,89.0,84.0,3.0,2.0,0.0,Bogor
945000000.0,70.0,90.0,3.0,1.0,0.0,Bogor
1150000000.0,150.0,90.0,3.0,2.0,0.0,Bogor
775000000.0,44.0,105.0,2.0,1.0,0.0,Bogor
1650000000.0,89.0,84.0,3.0,2.0,0.0,Bogor
1250000000.0,88.0,140.0,3.0,2.0,0.0,Bogor
1800000000.0,90.0,224.0,2.0,1.0,1.0,Bogor
1150000000.0,150.0,90.0,3.0,2.0,0.0,Bogor
570000000.0,45.0,72.0,2.0,1.0,1.0,Bogor
2300000000.0,185.0,133.0,3.0,2.0,0.0,Bogor
600000000.0,54.0,72.0,3.0,2.0,2.0,Bogor
3500000000.0,188.0,242.0,2.0,2.0,0.0,Bogor
1900000000.0,100.0,224.0,2.0,2.0,2.0,Bogor
2300000000.0,185.0,133.0,3.0,3.0,0.0,Bogor
2750000000.0,221.0,220.0,4.0,3.0,2.0,Bogor
2100000000.0,105.0,120.0,3.0,3.0,1.0,Bogor
1600000000.0,120.0,180.0,2.0,1.0,1.0,Bogor
1700000000.0,160.0,108.0,3.0,3.0,0.0,Bogor
800000000.0,120.0,120.0,3.0,3.0,0.0,Bogor
2750000000.0,221.0,220.0,4.0,3.0,1.0,Bogor
2750000000.0,221.0,220.0,4.0,3.0,1.0,Bogor
1800000000.0,130.0,12.0,3.0,2.0,1.0,Bogor
1100000000.0,120.0,90.0,4.0,3.0,0.0,Bogor
1150000000.0,150.0,90.0,3.0,2.0,0.0,Bogor
725000000.0,150.0,120.0,5.0,4.0,0.0,Bogor
1650000000.0,120.0,232.0,3.0,1.0,1.0,Bogor
1100000000.0,60.0,90.0,2.0,2.0,0.0,Bogor
1600000000.0,100.0,248.0,2.0,1.0,0.0,Bogor
1350000000.0,100.0,108.0,3.0,2.0,0.0,Bogor
850000000.0,65.0,90.0,2.0,2.0,0.0,Bogor
1350000000.0,53.0,211.0,2.0,1.0,0.0,Bogor
1150000000.0,100.0,78.0,3.0,3.0,0.0,Bogor
3850000000.0,220.0,224.0,4.0,3.0,2.0,Bogor
800000000.0,120.0,120.0,3.0,3.0,0.0,Bogor
1700000000.0,120.0,171.0,3.0,3.0,1.0,Bogor
4500000000.0,240.0,234.0,4.0,3.0,0.0,Bogor
1300000000.0,120.0,176.0,3.0,2.0,1.0,Bogor
2750000000.0,221.0,220.0,4.0,3.0,2.0,Bogor
2750000000.0,221.0,220.0,4.0,3.0,2.0,Bogor
2750000000.0,221.0,220.0,4.0,3.0,2.0,Bogor
2750000000.0,221.0,220.0,4.0,3.0,2.0,Bogor
2750000000.0,221.0,220.0,4.0,3.0,2.0,Bogor
2750000000.0,221.0,220.0,4.0,3.0,2.0,Bogor
585000000.0,60.0,90.0,2.0,2.0,0.0,Bogor
2300000000.0,200.0,228.0,3.0,3.0,1.0,Bogor
2500000000.0,200.0,230.0,3.0,3.0,1.0,Bogor
4400000000.0,200.0,234.0,4.0,4.0,1.0,Bogor
1800000000.0,100.0,120.0,3.0,3.0,0.0,Bogor
675000000.0,53.0,108.0,2.0,1.0,0.0,Bogor
2300000000.0,180.0,216.0,4.0,3.0,1.0,Bogor
1600000000.0,100.0,180.0,2.0,1.0,1.0,Bogor
1700000000.0,120.0,120.0,3.0,3.0,0.0,Bogor
1700000000.0,160.0,108.0,3.0,3.0,1.0,Bogor
800000000.0,100.0,120.0,3.0,3.0,1.0,Bogor
1150000000.0,120.0,90.0,3.0,2.0,1.0,Bogor
2500000000.0,235.0,120.0,5.0,5.0,0.0,Bogor
585000000.0,120.0,60.0,2.0,2.0,0.0,Bogor
495000000.0,50.0,81.0,2.0,1.0,0.0,Bogor
4700000000.0,179.0,181.0,4.0,4.0,0.0,Bogor
300000000.0,36.0,60.0,2.0,1.0,0.0,Bogor
630000000.0,70.0,84.0,2.0,1.0,0.0,Bogor
1680000000.0,90.0,200.0,3.0,2.0,1.0,Bogor
630000000.0,70.0,84.0,2.0,1.0,1.0,Bogor
599000000.0,60.0,72.0,2.0,1.0,0.0,Bogor
890000000.0,55.0,60.0,2.0,2.0,0.0,Bogor
810000000.0,45.0,90.0,2.0,1.0,0.0,Bogor
630000000.0,70.0,84.0,2.0,1.0,0.0,Bogor
599000000.0,60.0,72.0,2.0,1.0,0.0,Bogor
600000000.0,60.0,72.0,2.0,1.0,0.0,Bogor
1200000000.0,78.0,98.0,2.0,3.0,1.0,Bogor
499000000.0,30.0,60.0,2.0,1.0,0.0,Bogor
810000000.0,45.0,90.0,2.0,1.0,0.0,Bogor
810000000.0,45.0,90.0,2.0,1.0,0.0,Bogor
630000000.0,70.0,84.0,2.0,1.0,1.0,Bogor
599000000.0,60.0,72.0,2.0,1.0,0.0,Bogor
810000000.0,45.0,90.0,2.0,1.0,0.0,Bogor
630000000.0,70.0,84.0,2.0,1.0,1.0,Bogor
599000000.0,60.0,72.0,2.0,1.0,1.0,Bogor
351000000.0,32.0,60.0,2.0,1.0,0.0,Bogor
325000000.0,38.0,90.0,2.0,1.0,0.0,Bogor
245000000.0,72.0,36.0,2.0,1.0,0.0,Bogor
1350000000.0,96.0,94.0,3.0,2.0,0.0,Bogor
250000000.0,22.0,72.0,1.0,1.0,1.0,Bogor
375000000.0,68.0,112.0,3.0,2.0,1.0,Bogor
975000000.0,100.0,200.0,3.0,2.0,2.0,Bogor
325000000.0,60.0,72.0,2.0,1.0,1.0,Bogor
1450000000.0,100.0,105.0,3.0,2.0,0.0,Bogor
1450000000.0,100.0,105.0,3.0,2.0,0.0,Bogor
500000000.0,51.0,60.0,3.0,2.0,2.0,Bogor
1500000000.0,79.0,120.0,2.0,1.0,1.0,Bogor
359000000.0,75.0,90.0,3.0,2.0,0.0,Bogor
350000000.0,38.0,60.0,2.0,1.0,0.0,Bogor
168000000.0,29.0,60.0,2.0,1.0,0.0,Bogor
195000000.0,21.0,72.0,2.0,1.0,1.0,Bogor
280000000.0,36.0,90.0,2.0,1.0,1.0,Bogor
530000000.0,30.0,60.0,2.0,1.0,0.0,Bogor
493000000.0,23.0,60.0,1.0,1.0,0.0,Bogor
130000000.0,45.0,150.0,2.0,1.0,2.0,Bogor
475000000.0,36.0,105.0,2.0,1.0,1.0,Bogor
500000000.0,50.0,72.0,2.0,1.0,0.0,Bogor
525000000.0,50.0,72.0,2.0,1.0,0.0,Bogor
1350000000.0,96.0,94.0,3.0,2.0,0.0,Bogor
660000000.0,45.0,84.0,2.0,1.0,0.0,Bogor
700000000.0,45.0,84.0,2.0,2.0,0.0,Bogor
333000000.0,36.0,62.0,2.0,1.0,0.0,Bogor
525000000.0,50.0,72.0,2.0,1.0,0.0,Bogor
1440000000.0,180.0,126.0,4.0,3.0,1.0,Bogor
780000000.0,85.0,116.0,3.0,2.0,1.0,Bogor
600000000.0,56.0,66.0,3.0,2.0,2.0,Bogor
600000000.0,56.0,66.0,3.0,2.0,0.0,Bogor
1440000000.0,180.0,126.0,4.0,3.0,1.0,Bogor
780000000.0,85.0,116.0,3.0,2.0,1.0,Bogor
780000000.0,85.0,116.0,3.0,2.0,1.0,Bogor
780000000.0,85.0,116.0,3.0,2.0,1.0,Bogor
555000000.0,80.0,96.0,2.0,2.0,1.0,Bogor
1350000000.0,96.0,94.0,3.0,2.0,0.0,Bogor
530000000.0,36.0,70.0,2.0,1.0,0.0,Bogor
930000000.0,39.0,84.0,2.0,1.0,0.0,Bogor
900000000.0,45.0,81.0,2.0,1.0,0.0,Bogor
1080000000.0,60.0,104.0,2.0,2.0,1.0,Bogor
500000000.0,36.0,68.0,2.0,1.0,0.0,Bogor
1080000000.0,65.0,60.0,2.0,2.0,1.0,Bogor
930000000.0,39.0,84.0,2.0,1.0,0.0,Bogor
1080000000.0,60.0,104.0,2.0,2.0,1.0,Bogor
960000000.0,51.0,81.0,3.0,2.0,0.0,Bogor
1400000000.0,98.0,120.0,4.0,4.0,0.0,Bogor
500000000.0,36.0,68.0,2.0,1.0,0.0,Bogor
900000000.0,45.0,81.0,2.0,1.0,1.0,Bogor
1150000000.0,70.0,94.0,3.0,2.0,0.0,Bogor
1400000000.0,98.0,120.0,4.0,4.0,0.0,Bogor
1080000000.0,65.0,60.0,2.0,2.0,1.0,Bogor
930000000.0,39.0,84.0,2.0,1.0,1.0,Bogor
900000000.0,45.0,81.0,2.0,1.0,1.0,Bogor
1150000000.0,70.0,94.0,3.0,2.0,0.0,Bogor
530000000.0,36.0,70.0,2.0,1.0,0.0,Bogor
599000000.0,36.0,90.0,2.0,2.0,1.0,Bogor
1400000000.0,98.0,120.0,4.0,4.0,0.0,Bogor
500000000.0,36.0,68.0,2.0,1.0,1.0,Bogor
1080000000.0,65.0,60.0,2.0,2.0,1.0,Bogor
930000000.0,84.0,39.0,2.0,1.0,1.0,Bogor
900000000.0,45.0,81.0,2.0,1.0,1.0,Bogor
530000000.0,36.0,70.0,2.0,1.0,0.0,Bogor
530000000.0,36.0,70.0,2.0,1.0,0.0,Bogor
530000000.0,36.0,70.0,2.0,1.0,0.0,Bogor
500000000.0,36.0,68.0,2.0,1.0,0.0,Bogor
1080000000.0,65.0,60.0,2.0,2.0,1.0,Bogor
930000000.0,39.0,84.0,2.0,1.0,0.0,Bogor
900000000.0,45.0,81.0,2.0,1.0,1.0,Bogor
960000000.0,51.0,81.0,3.0,2.0,0.0,Bogor
1400000000.0,98.0,120.0,4.0,4.0,0.0,Bogor
530000000.0,36.0,70.0,2.0,1.0,0.0,Bogor
1080000000.0,60.0,104.0,2.0,2.0,1.0,Bogor
1150000000.0,70.0,94.0,3.0,2.0,0.0,Bogor
800000000.0,39.0,72.0,2.0,1.0,1.0,Bogor
637000000.0,60.0,65.0,3.0,2.0,0.0,Bogor
755000000.0,60.0,78.0,3.0,2.0,0.0,Bogor
685000000.0,60.0,64.0,3.0,2.0,0.0,Bogor
438000000.0,35.0,60.0,2.0,1.0,0.0,Bogor
438000000.0,36.0,63.0,2.0,1.0,1.0,Bogor
1090000000.0,87.0,65.0,3.0,2.0,0.0,Bogor
570000000.0,80.0,90.0,3.0,2.0,0.0,Bogor
600000000.0,100.0,112.0,3.0,2.0,0.0,Bogor
435000000.0,36.0,60.0,2.0,1.0,1.0,Bogor
960000000.0,94.0,60.0,2.0,2.0,0.0,Bogor
466000000.0,40.0,60.0,2.0,1.0,0.0,Bogor
400000000.0,40.0,60.0,2.0,1.0,0.0,Bogor
400000000.0,40.0,60.0,2.0,1.0,0.0,Bogor
400000000.0,40.0,60.0,2.0,1.0,0.0,Bogor
500000000.0,45.0,83.0,2.0,1.0,1.0,Bogor
1620000000.0,180.0,104.0,5.0,2.0,0.0,Bogor
375000000.0,45.0,60.0,2.0,1.0,0.0,Bogor
1620000000.0,180.0,104.0,5.0,2.0,0.0,Bogor
810000000.0,45.0,105.0,2.0,1.0,1.0,Bogor
1140000000.0,76.0,84.0,3.0,2.0,1.0,Bogor
1080000000.0,84.0,84.0,3.0,2.0,1.0,Bogor
195000000.0,36.0,40.0,2.0,1.0,1.0,Bogor
500000000.0,38.0,75.0,2.0,1.0,1.0,Bogor
100000000.0,36.0,55.0,2.0,1.0,1.0,Bogor
200000000.0,36.0,45.0,3.0,1.0,1.0,Bogor
275000000.0,40.0,60.0,2.0,1.0,1.0,Bogor
400000000.0,45.0,84.0,2.0,1.0,2.0,Bogor
400000000.0,45.0,84.0,2.0,1.0,2.0,Bogor
456000000.0,39.0,72.0,2.0,1.0,0.0,Bogor
473000000.0,36.0,72.0,2.0,1.0,0.0,Bogor
275000000.0,40.0,60.0,2.0,1.0,1.0,Bogor
275000000.0,40.0,60.0,2.0,1.0,1.0,Bogor
160000000.0,42.0,42.0,2.0,1.0,1.0,Bogor
399000000.0,40.0,60.0,2.0,1.0,0.0,Bogor
225000000.0,36.0,60.0,2.0,1.0,0.0,Bogor
790000000.0,147.0,150.0,4.0,4.0,0.0,Bogor
150000000.0,36.0,55.0,2.0,1.0,1.0,Bogor
135000000.0,38.0,38.0,3.0,1.0,0.0,Bogor
437000000.0,36.0,113.0,2.0,1.0,0.0,Bogor
250000000.0,55.0,60.0,2.0,1.0,0.0,Bogor
125000000.0,30.0,30.0,2.0,1.0,0.0,Bogor
135000000.0,38.0,38.0,2.0,1.0,0.0,Bogor
100000000.0,36.0,55.0,2.0,1.0,1.0,Bogor
150000000.0,40.0,40.0,2.0,1.0,0.0,Bogor
100000000.0,36.0,55.0,2.0,1.0,1.0,Bogor
172000000.0,45.0,45.0,2.0,1.0,0.0,Bogor
2400000000.0,200.0,153.0,4.0,3.0,0.0,Bogor
650000000.0,33.0,66.0,2.0,1.0,1.0,Bogor
1700000000.0,96.0,84.0,2.0,2.0,0.0,Bogor
650000000.0,33.0,66.0,2.0,1.0,1.0,Bogor
800000000.0,45.0,101.0,3.0,2.0,1.0,Bogor
840000000.0,48.0,84.0,2.0,1.0,0.0,Bogor
945000000.0,60.0,105.0,2.0,1.0,1.0,Bogor
1020000000.0,50.0,86.0,2.0,1.0,1.0,Bogor
1080000000.0,84.0,84.0,3.0,2.0,1.0,Bogor
699000000.0,40.0,88.0,2.0,1.0,0.0,Bogor
810000000.0,45.0,105.0,2.0,1.0,1.0,Bogor
1380000000.0,150.0,105.0,3.0,2.0,1.0,Bogor
699000000.0,40.0,88.0,2.0,1.0,0.0,Bogor
1500000000.0,104.0,164.0,3.0,3.0,1.0,Bogor
1080000000.0,84.0,84.0,3.0,2.0,1.0,Bogor
810000000.0,45.0,105.0,2.0,1.0,1.0,Bogor
1080000000.0,84.0,84.0,3.0,2.0,1.0,Bogor
780000000.0,68.0,98.0,3.0,1.0,1.0,Bogor
800000000.0,71.0,96.0,2.0,1.0,0.0,Bogor
840000000.0,180.0,90.0,3.0,4.0,0.0,Bogor
699000000.0,40.0,88.0,2.0,1.0,0.0,Bogor
650000000.0,53.0,88.0,2.0,1.0,0.0,Bogor
1140000000.0,76.0,84.0,3.0,2.0,1.0,Bogor
1140000000.0,76.0,84.0,3.0,2.0,1.0,Bogor
1380000000.0,150.0,105.0,3.0,2.0,1.0,Bogor
1080000000.0,84.0,84.0,3.0,2.0,1.0,Bogor
1140000000.0,76.0,84.0,3.0,2.0,1.0,Bogor
1140000000.0,76.0,84.0,3.0,2.0,1.0,Bogor
1380000000.0,150.0,105.0,3.0,2.0,1.0,Bogor
1620000000.0,180.0,104.0,5.0,2.0,1.0,Bogor
810000000.0,45.0,105.0,2.0,1.0,1.0,Bogor
695000000.0,45.0,82.0,2.0,1.0,0.0,Bogor
450000000.0,72.0,72.0,2.0,1.0,0.0,Bogor
850000000.0,177.0,131.0,3.0,1.0,1.0,Bogor
655000000.0,36.0,78.0,2.0,1.0,0.0,Bogor
545000000.0,36.0,68.0,2.0,1.0,0.0,Bogor
2000000000.0,300.0,144.0,4.0,4.0,2.0,Bogor
649000000.0,36.0,68.0,2.0,1.0,0.0,Bogor
688000000.0,36.0,74.0,2.0,1.0,0.0,Bogor
1350000000.0,96.0,94.0,3.0,2.0,0.0,Bogor
400000000.0,48.0,80.0,2.0,1.0,1.0,Bogor
200000000.0,36.0,72.0,2.0,1.0,1.0,Bogor
575000000.0,55.0,88.0,3.0,2.0,0.0,Bogor
644000000.0,36.0,76.0,2.0,1.0,0.0,Bogor
500000000.0,54.0,60.0,3.0,2.0,2.0,Bogor
600000000.0,54.0,70.0,3.0,2.0,2.0,Bogor
400000000.0,40.0,61.0,2.0,1.0,0.0,Bogor
400000000.0,40.0,61.0,2.0,1.0,0.0,Bogor
560000000.0,40.0,64.0,2.0,1.0,0.0,Bogor
600000000.0,54.0,70.0,3.0,2.0,2.0,Bogor
655000000.0,36.0,78.0,2.0,1.0,0.0,Bogor
500000000.0,54.0,60.0,3.0,2.0,2.0,Bogor
600000000.0,54.0,70.0,3.0,2.0,2.0,Bogor
999000000.0,90.0,72.0,3.0,2.0,0.0,Bogor
750000000.0,90.0,105.0,3.0,2.0,0.0,Bogor
185000000.0,36.0,50.0,2.0,1.0,0.0,Bogor
500000000.0,54.0,60.0,3.0,2.0,2.0,Bogor
590000000.0,45.0,72.0,2.0,1.0,1.0,Bogor
599000000.0,45.0,72.0,2.0,1.0,1.0,Bogor
514000000.0,42.0,72.0,2.0,1.0,0.0,Bogor
624000000.0,48.0,84.0,2.0,1.0,1.0,Bogor
624000000.0,48.0,84.0,2.0,1.0,1.0,Bogor
494000000.0,41.0,69.0,2.0,1.0,1.0,Bogor
594000000.0,45.0,72.0,2.0,1.0,1.0,Bogor
499000000.0,41.0,63.0,2.0,1.0,1.0,Bogor
499000000.0,41.0,63.0,2.0,1.0,1.0,Bogor
599000000.0,45.0,72.0,2.0,1.0,1.0,Bogor
599000000.0,45.0,72.0,2.0,1.0,1.0,Bogor
1100000000.0,84.0,84.0,3.0,2.0,1.0,Bogor
600000000.0,36.0,77.0,2.0,1.0,0.0,Bogor
470000000.0,40.0,147.0,2.0,1.0,1.0,Bogor
470000000.0,40.0,147.0,2.0,1.0,1.0,Bogor
780000000.0,55.0,105.0,2.0,1.0,0.0,Bogor
752000000.0,80.0,82.0,3.0,2.0,0.0,Bogor
700000000.0,80.0,90.0,3.0,3.0,1.0,Bogor
650000000.0,33.0,66.0,2.0,1.0,1.0,Bogor
1350000000.0,90.0,135.0,4.0,3.0,0.0,Bogor
1350000000.0,96.0,94.0,3.0,2.0,0.0,Bogor
770000000.0,60.0,77.0,3.0,2.0,1.0,Bogor
1500000000.0,150.0,144.0,3.0,3.0,0.0,Bogor
2400000000.0,200.0,153.0,4.0,3.0,1.0,Bogor
650000000.0,33.0,66.0,2.0,1.0,1.0,Bogor
650000000.0,33.0,66.0,2.0,1.0,1.0,Bogor
650000000.0,33.0,66.0,2.0,1.0,1.0,Bogor
1440000000.0,110.0,90.0,3.0,2.0,1.0,Bogor
1890000000.0,110.0,112.0,2.0,3.0,1.0,Bogor
2380000000.0,136.0,144.0,2.0,3.0,0.0,Bogor
1980000000.0,155.0,120.0,6.0,3.0,1.0,Bogor
2040000000.0,120.0,180.0,4.0,3.0,2.0,Bogor
1980000000.0,155.0,120.0,6.0,3.0,1.0,Bogor
1440000000.0,150.0,198.0,4.0,2.0,1.0,Bogor
1980000000.0,155.0,120.0,6.0,3.0,1.0,Bogor
1440000000.0,150.0,198.0,4.0,2.0,1.0,Bogor
1440000000.0,150.0,198.0,4.0,2.0,1.0,Bogor
1980000000.0,155.0,120.0,6.0,3.0,1.0,Bogor
1440000000.0,150.0,198.0,4.0,2.0,1.0,Bogor
2000000000.0,230.0,198.0,5.0,2.0,0.0,Bogor
587000000.0,60.0,60.0,3.0,1.0,0.0,Bogor
500000000.0,50.0,78.0,2.0,1.0,0.0,Bogor
1350000000.0,96.0,94.0,3.0,2.0,0.0,Bogor
630000000.0,90.0,36.0,2.0,1.0,0.0,Bogor
633000000.0,36.0,72.0,2.0,1.0,1.0,Bogor
4320000000.0,307.0,216.0,4.0,4.0,0.0,Bogor
3550000000.0,249.0,180.0,4.0,3.0,0.0,Bogor
569000000.0,70.0,82.0,4.0,2.0,0.0,Bogor
467000000.0,49.0,60.0,2.0,2.0,1.0,Bogor
570000000.0,70.0,82.0,4.0,2.0,1.0,Bogor
2400000000.0,200.0,153.0,4.0,3.0,1.0,Bogor
2400000000.0,200.0,153.0,4.0,3.0,1.0,Bogor
2400000000.0,200.0,153.0,4.0,3.0,1.0,Bogor
2400000000.0,200.0,153.0,4.0,3.0,1.0,Bogor
2040000000.0,120.0,180.0,4.0,3.0,2.0,Bogor
2040000000.0,200.0,128.0,3.0,3.0,0.0,Bogor
2040000000.0,200.0,128.0,3.0,3.0,0.0,Bogor
2040000000.0,200.0,128.0,3.0,3.0,0.0,Bogor
2040000000.0,200.0,128.0,3.0,3.0,0.0,Bogor
1100000000.0,155.0,84.0,3.0,2.0,0.0,Bogor
1440000000.0,180.0,126.0,4.0,3.0,0.0,Bogor
1440000000.0,180.0,126.0,4.0,3.0,0.0,Bogor
1440000000.0,150.0,198.0,4.0,2.0,0.0,Bogor
780000000.0,85.0,116.0,3.0,2.0,1.0,Bogor
1980000000.0,155.0,120.0,6.0,3.0,1.0,Bogor
1440000000.0,180.0,126.0,4.0,3.0,1.0,Bogor
1350000000.0,96.0,94.0,3.0,2.0,0.0,Bogor
530000000.0,54.0,64.0,3.0,2.0,2.0,Bogor
784000000.0,80.0,90.0,3.0,3.0,0.0,Bogor
890000000.0,55.0,60.0,2.0,2.0,0.0,Bogor
810000000.0,45.0,90.0,2.0,1.0,0.0,Bogor
630000000.0,70.0,84.0,2.0,1.0,1.0,Bogor
2550000000.0,160.0,165.0,3.0,3.0,1.0,Bogor
468000000.0,90.0,109.0,3.0,2.0,0.0,Bogor
1350000000.0,96.0,94.0,3.0,2.0,0.0,Bogor
570000000.0,72.0,69.0,2.0,1.0,1.0,Bogor
3800000000.0,300.0,230.0,4.0,2.0,0.0,Bogor
3800000000.0,300.0,230.0,4.0,2.0,0.0,Bogor
3000000000.0,200.0,215.0,3.0,2.0,0.0,Bogor
2000000000.0,160.0,120.0,3.0,3.0,0.0,Bogor
2400000000.0,150.0,200.0,2.0,2.0,2.0,Bogor
388000000.0,50.0,120.0,2.0,1.0,0.0,Bogor
4600000000.0,237.0,180.0,4.0,3.0,0.0,Bogor
546000000.0,30.0,60.0,2.0,1.0,0.0,Bogor
1000000000.0,155.0,168.0,5.0,2.0,0.0,Bogor
1680000000.0,110.0,186.0,3.0,2.0,0.0,Bogor
2550000000.0,160.0,165.0,3.0,3.0,1.0,Bogor
2550000000.0,160.0,165.0,3.0,3.0,1.0,Bogor
1680000000.0,90.0,200.0,3.0,2.0,1.0,Bogor
1680000000.0,110.0,186.0,3.0,2.0,0.0,Bogor
2550000000.0,160.0,165.0,3.0,3.0,1.0,Bogor
1680000000.0,110.0,186.0,3.0,2.0,0.0,Bogor
2550000000.0,160.0,165.0,3.0,3.0,1.0,Bogor
1680000000.0,90.0,200.0,3.0,2.0,1.0,Bogor
1680000000.0,110.0,186.0,3.0,2.0,0.0,Bogor
1680000000.0,110.0,186.0,3.0,2.0,0.0,Bogor
1680000000.0,90.0,200.0,3.0,2.0,0.0,Bogor
1350000000.0,96.0,94.0,3.0,2.0,0.0,Bogor
1400000000.0,100.0,120.0,4.0,3.0,0.0,Bogor
2040000000.0,120.0,180.0,4.0,3.0,2.0,Bogor
275000000.0,36.0,60.0,2.0,1.0,0.0,Bogor
275000000.0,36.0,60.0,2.0,1.0,1.0,Bogor
1680000000.0,90.0,200.0,3.0,2.0,1.0,Bogor
1500000000.0,99.0,128.0,3.0,2.0,0.0,Bogor
1450000000.0,90.0,120.0,3.0,2.0,0.0,Bogor
2650000000.0,240.0,200.0,3.0,2.0,0.0,Bogor
1350000000.0,96.0,94.0,3.0,2.0,0.0,Bogor
1250000000.0,110.0,105.0,3.0,2.0,0.0,Bogor
1600000000.0,170.0,144.0,4.0,3.0,0.0,Bogor
1450000000.0,140.0,105.0,3.0,2.0,0.0,Bogor
3800000000.0,300.0,220.0,5.0,3.0,0.0,Bogor
3800000000.0,300.0,220.0,5.0,3.0,0.0,Bogor
1450000000.0,140.0,105.0,3.0,2.0,0.0,Bogor
1030000000.0,70.0,105.0,2.0,1.0,0.0,Bogor
1200000000.0,120.0,105.0,3.0,2.0,0.0,Bogor
2950000000.0,200.0,200.0,4.0,4.0,0.0,Bogor
2650000000.0,232.0,160.0,4.0,3.0,1.0,Bogor
1700000000.0,220.0,144.0,4.0,2.0,0.0,Bogor
1700000000.0,220.0,144.0,4.0,2.0,0.0,Bogor
1200000000.0,120.0,105.0,3.0,3.0,0.0,Bogor
700000000.0,45.0,90.0,2.0,1.0,0.0,Bogor
699000000.0,45.0,90.0,2.0,1.0,0.0,Bogor
4100000000.0,237.0,180.0,4.0,4.0,0.0,Bogor
6300000000.0,333.0,240.0,4.0,4.0,1.0,Bogor
1150000000.0,45.0,105.0,2.0,1.0,0.0,Bogor
4600000000.0,237.0,180.0,4.0,3.0,0.0,Bogor
900000000.0,81.0,81.0,3.0,1.0,1.0,Bogor
1350000000.0,96.0,94.0,3.0,2.0,0.0,Bogor
900000000.0,90.0,70.0,3.0,2.0,0.0,Bogor
1440000000.0,180.0,126.0,4.0,3.0,0.0,Bogor
1440000000.0,180.0,126.0,4.0,3.0,0.0,Bogor
755000000.0,60.0,78.0,3.0,2.0,0.0,Bogor
785000000.0,60.0,85.0,3.0,2.0,0.0,Bogor
685000000.0,60.0,64.0,3.0,2.0,0.0,Bogor
830000000.0,75.0,112.0,3.0,2.0,0.0,Bogor
830000000.0,75.0,112.0,3.0,2.0,0.0,Bogor
725000000.0,36.0,84.0,2.0,1.0,0.0,Bogor
1620000000.0,180.0,104.0,5.0,2.0,0.0,Bogor
400000000.0,36.0,72.0,2.0,1.0,1.0,Bogor
280000000.0,40.0,50.0,2.0,1.0,0.0,Bogor
495000000.0,50.0,96.0,2.0,1.0,0.0,Bogor
780000000.0,55.0,105.0,2.0,1.0,0.0,Bogor
780000000.0,55.0,105.0,2.0,1.0,0.0,Bogor
1650000000.0,100.0,154.0,3.0,1.0,0.0,Bogor
1350000000.0,96.0,94.0,3.0,2.0,0.0,Bogor
975000000.0,140.0,148.0,3.0,2.0,1.0,Bogor
975000000.0,140.0,148.0,3.0,2.0,0.0,Bogor
992000000.0,84.0,75.0,2.0,2.0,0.0,Bogor
2040000000.0,120.0,180.0,4.0,3.0,2.0,Bogor
2040000000.0,120.0,180.0,4.0,3.0,2.0,Bogor
1000000000.0,67.0,210.0,2.0,2.0,0.0,Bogor
2040000000.0,200.0,128.0,3.0,3.0,0.0,Bogor
798000000.0,61.0,60.0,2.0,2.0,0.0,Bogor
590000000.0,40.0,60.0,2.0,2.0,0.0,Bogor
749000000.0,48.0,72.0,3.0,1.0,0.0,Bogor
674000000.0,39.0,72.0,2.0,1.0,0.0,Bogor
516000000.0,27.0,60.0,2.0,1.0,0.0,Bogor
516000000.0,27.0,60.0,2.0,1.0,0.0,Bogor
655000000.0,60.0,64.0,3.0,2.0,2.0,Bogor
782000000.0,61.0,60.0,2.0,2.0,0.0,Bogor
460000000.0,60.0,27.0,2.0,1.0,0.0,Bogor
800000000.0,61.0,60.0,2.0,2.0,2.0,Bogor
475000000.0,36.0,72.0,2.0,1.0,0.0,Bogor
450000000.0,36.0,72.0,2.0,1.0,0.0,Bogor
400000000.0,90.0,120.0,2.0,2.0,0.0,Bogor
470000000.0,40.0,147.0,2.0,1.0,1.0,Bogor
470000000.0,40.0,147.0,2.0,1.0,1.0,Bogor
168000000.0,24.0,66.0,1.0,1.0,0.0,Bogor
400000000.0,40.0,60.0,2.0,1.0,0.0,Bogor
400000000.0,40.0,60.0,2.0,1.0,0.0,Bogor
500000000.0,48.0,60.0,2.0,2.0,1.0,Bogor
1350000000.0,96.0,94.0,3.0,2.0,0.0,Bogor
619000000.0,36.0,90.0,2.0,1.0,1.0,Bogor
551000000.0,36.0,70.0,2.0,1.0,1.0,Bogor
551000000.0,36.0,70.0,2.0,1.0,1.0,Bogor
551000000.0,36.0,70.0,2.0,1.0,1.0,Bogor
875000000.0,56.0,105.0,2.0,2.0,0.0,Bogor
908000000.0,48.0,125.0,2.0,1.0,1.0,Bogor
651000000.0,45.0,84.0,2.0,1.0,0.0,Bogor
651000000.0,45.0,84.0,2.0,1.0,0.0,Bogor
651000000.0,45.0,84.0,2.0,1.0,0.0,Bogor
651000000.0,45.0,84.0,2.0,1.0,0.0,Bogor
651000000.0,45.0,84.0,2.0,1.0,0.0,Bogor
1070000000.0,95.0,84.0,3.0,3.0,1.0,Bogor
535000000.0,36.0,70.0,2.0,1.0,0.0,Bogor
535000000.0,36.0,70.0,2.0,1.0,0.0,Bogor
535000000.0,36.0,70.0,2.0,1.0,0.0,Bogor
551000000.0,36.0,70.0,2.0,1.0,0.0,Bogor
551000000.0,36.0,70.0,2.0,1.0,0.0,Bogor
551000000.0,36.0,70.0,2.0,1.0,0.0,Bogor
661000000.0,40.0,84.0,2.0,1.0,0.0,Bogor
1160000000.0,95.0,84.0,3.0,3.0,0.0,Bogor
921000000.0,48.0,125.0,2.0,1.0,2.0,Bogor
500000000.0,36.0,72.0,2.0,1.0,1.0,Bogor
650000000.0,51.0,90.0,2.0,1.0,0.0,Bogor
551000000.0,36.0,70.0,2.0,1.0,0.0,Bogor
980000000.0,48.0,125.0,2.0,1.0,0.0,Bogor
655000000.0,60.0,64.0,3.0,2.0,2.0,Bogor
800000000.0,42.0,60.0,2.0,1.0,1.0,Bogor
1200000000.0,74.0,165.0,3.0,2.0,1.0,Bogor
700000000.0,62.0,68.0,3.0,2.0,1.0,Bogor
1350000000.0,96.0,94.0,3.0,2.0,0.0,Bogor
685000000.0,60.0,64.0,3.0,2.0,0.0,Bogor
514000000.0,22.0,60.0,2.0,1.0,0.0,Bogor
798000000.0,70.0,72.0,3.0,2.0,0.0,Bogor
75000000.0,30.0,60.0,2.0,1.0,1.0,Bogor
455000000.0,36.0,65.0,2.0,1.0,0.0,Bogor
931000000.0,72.0,60.0,2.0,2.0,0.0,Bogor
410000000.0,36.0,60.0,2.0,1.0,0.0,Bogor
900000000.0,90.0,70.0,3.0,2.0,0.0,Bogor
440000000.0,40.0,61.0,2.0,1.0,0.0,Bogor
470000000.0,40.0,147.0,2.0,1.0,1.0,Bogor
470000000.0,40.0,147.0,2.0,1.0,1.0,Bogor
466000000.0,40.0,60.0,2.0,1.0,0.0,Bogor
400000000.0,40.0,60.0,2.0,1.0,0.0,Bogor
400000000.0,40.0,60.0,2.0,1.0,0.0,Bogor
800000000.0,60.0,70.0,3.0,2.0,0.0,Bogor
750000000.0,60.0,70.0,3.0,2.0,0.0,Bogor
450000000.0,36.0,72.0,2.0,1.0,0.0,Bogor
390000000.0,45.0,72.0,2.0,1.0,1.0,Bogor
400000000.0,36.0,72.0,2.0,1.0,1.0,Bogor
330000000.0,60.0,72.0,2.0,1.0,0.0,Bogor
300000000.0,60.0,72.0,2.0,1.0,1.0,Bogor
265000000.0,36.0,67.0,2.0,1.0,1.0,Bogor
499000000.0,41.0,66.0,3.0,2.0,1.0,Bogor
225000000.0,36.0,60.0,2.0,1.0,0.0,Bogor
300000000.0,45.0,72.0,3.0,1.0,0.0,Bogor
470000000.0,40.0,147.0,2.0,1.0,1.0,Bogor
470000000.0,40.0,147.0,2.0,1.0,1.0,Bogor
2500000000.0,154.0,238.0,3.0,3.0,0.0,Bogor
2000000000.0,200.0,250.0,6.0,2.0,0.0,Bogor
395000000.0,36.0,72.0,2.0,1.0,0.0,Bogor
260000000.0,70.0,100.0,4.0,2.0,0.0,Bogor
1350000000.0,96.0,94.0,3.0,2.0,0.0,Bogor
1550000000.0,90.0,170.0,3.0,2.0,0.0,Bogor
875000000.0,80.0,105.0,2.0,1.0,0.0,Bogor
1370000000.0,149.0,195.0,3.0,2.0,0.0,Bogor
1370000000.0,149.0,195.0,3.0,3.0,1.0,Bogor
1500000000.0,168.0,136.0,3.0,2.0,0.0,Bogor
2200000000.0,170.0,198.0,4.0,3.0,0.0,Bogor
2300000000.0,250.0,240.0,4.0,3.0,1.0,Bogor
1350000000.0,96.0,94.0,3.0,2.0,0.0,Bogor
2900000000.0,180.0,180.0,4.0,4.0,0.0,Bogor
2500000000.0,228.0,240.0,4.0,4.0,0.0,Bogor
1330000000.0,88.0,160.0,3.0,2.0,0.0,Bogor
1250000000.0,275.0,214.0,3.0,2.0,0.0,Bogor
575000000.0,80.0,90.0,2.0,1.0,0.0,Bogor
476000000.0,40.0,86.0,2.0,1.0,0.0,Bogor
1350000000.0,96.0,94.0,3.0,2.0,0.0,Bogor
540000000.0,45.0,85.0,2.0,1.0,0.0,Bogor
360000000.0,36.0,72.0,2.0,1.0,0.0,Bogor
451000000.0,32.0,60.0,2.0,1.0,1.0,Bogor
443000000.0,36.0,60.0,2.0,1.0,1.0,Bogor
439000000.0,36.0,60.0,2.0,1.0,1.0,Bogor
425000000.0,36.0,60.0,2.0,1.0,1.0,Bogor
415000000.0,36.0,60.0,2.0,1.0,1.0,Bogor
409000000.0,36.0,60.0,2.0,1.0,1.0,Bogor
300000000.0,42.0,84.0,2.0,1.0,0.0,Bogor
470000000.0,40.0,147.0,2.0,1.0,1.0,Bogor
470000000.0,40.0,147.0,2.0,1.0,1.0,Bogor
599000000.0,84.0,42.0,2.0,1.0,0.0,Bogor
200000000.0,36.0,50.0,2.0,1.0,1.0,Bogor
650000000.0,90.0,60.0,3.0,2.0,0.0,Bogor
900000000.0,100.0,150.0,4.0,2.0,0.0,Bogor
1350000000.0,96.0,94.0,3.0,2.0,0.0,Bogor
1350000000.0,96.0,94.0,3.0,2.0,0.0,Bogor
1350000000.0,96.0,94.0,3.0,2.0,0.0,Bogor
1350000000.0,96.0,94.0,3.0,2.0,0.0,Bogor
1350000000.0,96.0,94.0,3.0,2.0,0.0,Bogor
285000000.0,36.0,60.0,2.0,1.0,1.0,Bogor
285000000.0,36.0,60.0,2.0,1.0,1.0,Bogor
1350000000.0,96.0,94.0,3.0,2.0,0.0,Bogor
459000000.0,32.0,60.0,2.0,1.0,0.0,Bogor
1350000000.0,96.0,94.0,3.0,2.0,0.0,Bogor
1350000000.0,96.0,94.0,3.0,2.0,0.0,Bogor
600000000.0,102.0,102.0,2.0,1.0,0.0,Bogor
2600000000.0,186.0,202.0,3.0,3.0,2.0,Bogor
1350000000.0,96.0,94.0,3.0,2.0,0.0,Bogor
1350000000.0,96.0,94.0,3.0,2.0,0.0,Bogor
835000000.0,60.0,90.0,2.0,1.0,0.0,Bogor
1350000000.0,96.0,94.0,3.0,2.0,0.0,Bogor
879000000.0,71.0,92.0,3.0,2.0,0.0,Bogor
1350000000.0,96.0,94.0,3.0,2.0,0.0,Bogor
1350000000.0,96.0,94.0,3.0,2.0,0.0,Bogor
1350000000.0,96.0,94.0,3.0,2.0,0.0,Bogor
1350000000.0,96.0,94.0,3.0,2.0,0.0,Bogor
1350000000.0,96.0,94.0,3.0,2.0,0.0,Bogor
900000000.0,90.0,109.0,3.0,2.0,1.0,Bogor
1350000000.0,96.0,94.0,3.0,2.0,0.0,Bogor
1350000000.0,96.0,94.0,3.0,2.0,0.0,Bogor
1350000000.0,96.0,94.0,3.0,2.0,0.0,Bogor
1350000000.0,96.0,94.0,3.0,2.0,0.0,Bogor
1350000000.0,96.0,94.0,3.0,2.0,0.0,Bogor
1350000000.0,96.0,94.0,3.0,2.0,0.0,Bogor
1350000000.0,96.0,94.0,3.0,2.0,0.0,Bogor
1500000000.0,100.0,150.0,4.0,2.0,0.0,Bogor
628000000.0,63.0,60.0,3.0,2.0,0.0,Bogor
595000000.0,45.0,90.0,2.0,1.0,0.0,Bogor
685000000.0,60.0,64.0,3.0,2.0,0.0,Bogor
285000000.0,45.0,66.0,2.0,1.0,1.0,Bogor
400000000.0,40.0,60.0,2.0,1.0,0.0,Bogor
800000000.0,60.0,70.0,3.0,2.0,0.0,Bogor
300000000.0,50.0,72.0,2.0,1.0,1.0,Bogor
850000000.0,110.0,170.0,3.0,2.0,1.0,Bogor
1200000000.0,100.0,170.0,2.0,1.0,1.0,Bogor
550000000.0,100.0,132.0,3.0,2.0,0.0,Bogor
355000000.0,65.0,72.0,3.0,2.0,1.0,Bogor
430000000.0,100.0,72.0,3.0,2.0,1.0,Bogor
245000000.0,56.0,84.0,2.0,1.0,0.0,Bogor
245000000.0,60.0,72.0,2.0,1.0,0.0,Bogor
950000000.0,45.0,160.0,2.0,1.0,0.0,Bogor
250000000.0,60.0,72.0,2.0,1.0,0.0,Bogor
250000000.0,60.0,72.0,2.0,1.0,0.0,Bogor
295000000.0,30.0,120.0,2.0,1.0,0.0,Bogor
235000000.0,36.0,72.0,2.0,1.0,0.0,Bogor
350000000.0,55.0,90.0,2.0,1.0,0.0,Bogor
350000000.0,55.0,90.0,2.0,1.0,1.0,Bogor
350000000.0,55.0,90.0,2.0,1.0,1.0,Bogor
225000000.0,36.0,90.0,2.0,1.0,0.0,Bogor
280000000.0,36.0,90.0,2.0,1.0,0.0,Bogor
650000000.0,70.0,144.0,2.0,2.0,1.0,Bogor
549000000.0,38.0,120.0,2.0,1.0,1.0,Bogor
434000000.0,36.0,90.0,2.0,1.0,1.0,Bogor
750000000.0,70.0,84.0,2.0,2.0,0.0,Bogor
450000000.0,36.0,72.0,2.0,1.0,1.0,Bogor
1100000000.0,103.0,155.0,3.0,3.0,0.0,Bogor
3000000000.0,300.0,162.0,4.0,4.0,0.0,Bogor
1800000000.0,170.0,162.0,3.0,3.0,0.0,Bogor
1050000000.0,95.0,115.0,2.0,1.0,0.0,Bogor
775000000.0,69.0,72.0,3.0,2.0,1.0,Bogor
919000000.0,69.0,110.0,3.0,2.0,0.0,Bogor
908000000.0,69.0,108.0,3.0,2.0,0.0,Bogor
775000000.0,69.0,72.0,3.0,2.0,0.0,Bogor
440000000.0,42.0,78.0,2.0,1.0,1.0,Bogor
1020000000.0,133.0,112.0,4.0,3.0,1.0,Bogor
805000000.0,112.0,91.0,4.0,2.0,1.0,Bogor
820000000.0,100.0,178.0,4.0,2.0,0.0,Bogor
389000000.0,161.0,110.0,3.0,3.0,0.0,Bogor
85000000.0,72.0,72.0,2.0,1.0,0.0,Bogor
338000000.0,36.0,72.0,2.0,1.0,0.0,Bogor
550000000.0,32.0,72.0,2.0,1.0,1.0,Bogor
799000000.0,70.0,74.0,3.0,2.0,0.0,Depok
811000000.0,70.0,72.0,3.0,2.0,2.0,Depok
660000000.0,45.0,80.0,2.0,1.0,1.0,Depok
1200000000.0,100.0,120.0,3.0,3.0,1.0,Depok
330000000.0,40.0,60.0,2.0,1.0,1.0,Depok
1200000000.0,100.0,120.0,3.0,3.0,0.0,Depok
660000000.0,45.0,80.0,2.0,1.0,1.0,Depok
2280000000.0,200.0,180.0,3.0,4.0,1.0,Depok
790000000.0,85.0,72.0,3.0,2.0,1.0,Depok
690000000.0,50.0,75.0,2.0,1.0,1.0,Depok
1030000000.0,90.0,83.0,3.0,2.0,0.0,Depok
660000000.0,45.0,80.0,2.0,1.0,1.0,Depok
495000000.0,50.0,73.0,2.0,1.0,0.0,Depok
885000000.0,85.0,54.0,3.0,3.0,1.0,Depok
775000000.0,75.0,91.0,3.0,2.0,1.0,Depok
900000000.0,72.0,60.0,2.0,1.0,1.0,Depok
650000000.0,45.0,75.0,2.0,1.0,0.0,Depok
799000000.0,74.0,70.0,3.0,2.0,1.0,Depok
930000000.0,80.0,72.0,3.0,2.0,1.0,Depok
895000000.0,90.0,68.0,3.0,3.0,2.0,Depok
775000000.0,70.0,91.0,3.0,2.0,1.0,Depok
725000000.0,42.0,68.0,2.0,1.0,0.0,Depok
800000000.0,72.0,70.0,3.0,2.0,2.0,Depok
1150000000.0,110.0,70.0,3.0,3.0,1.0,Depok
494000000.0,40.0,66.0,2.0,1.0,1.0,Depok
940000000.0,100.0,88.0,3.0,3.0,2.0,Depok
560000000.0,47.0,55.0,3.0,2.0,1.0,Depok
350000000.0,40.0,60.0,2.0,1.0,0.0,Depok
625000000.0,55.0,75.0,2.0,1.0,1.0,Depok
750000000.0,60.0,103.0,3.0,2.0,1.0,Depok
675000000.0,50.0,70.0,2.0,1.0,1.0,Depok
400000000.0,45.0,68.0,2.0,1.0,0.0,Depok
895000000.0,75.0,89.0,3.0,2.0,1.0,Depok
930000000.0,120.0,85.0,4.0,3.0,1.0,Depok
865000000.0,80.0,50.0,3.0,3.0,0.0,Depok
1120000000.0,100.0,72.0,3.0,3.0,2.0,Depok
1150000000.0,100.0,70.0,3.0,2.0,1.0,Depok
1270000000.0,92.0,65.0,3.0,3.0,1.0,Depok
1000000000.0,84.0,100.0,3.0,2.0,2.0,Depok
220000000.0,36.0,60.0,2.0,1.0,0.0,Depok
390000000.0,54.0,150.0,2.0,2.0,1.0,Depok
1580000000.0,90.0,84.0,3.0,3.0,0.0,Depok
1300000000.0,103.0,75.0,3.0,3.0,2.0,Depok
945000000.0,74.0,60.0,3.0,2.0,1.0,Depok
1200000000.0,165.0,117.0,4.0,3.0,0.0,Depok
1580000000.0,85.0,84.0,3.0,3.0,0.0,Depok
550000000.0,37.0,63.0,2.0,1.0,1.0,Depok
2990000000.0,150.0,232.0,4.0,4.0,0.0,Depok
1050000000.0,154.0,83.0,5.0,2.0,0.0,Depok
875000000.0,78.0,61.0,3.0,2.0,2.0,Depok
1200000000.0,78.0,98.0,2.0,3.0,1.0,Depok
800000000.0,54.0,67.0,3.0,2.0,2.0,Depok
750000000.0,63.0,62.0,3.0,2.0,2.0,Depok
1980000000.0,180.0,143.0,4.0,3.0,0.0,Depok
1050000000.0,154.0,83.0,5.0,2.0,0.0,Depok
2990000000.0,150.0,232.0,4.0,4.0,0.0,Depok
595000000.0,40.0,88.0,2.0,1.0,0.0,Depok
1050000000.0,154.0,83.0,5.0,2.0,0.0,Depok
535000000.0,40.0,73.0,2.0,1.0,0.0,Depok
897000000.0,70.0,90.0,3.0,2.0,1.0,Depok
678000000.0,54.0,60.0,3.0,2.0,2.0,Depok
617000000.0,46.0,60.0,2.0,2.0,1.0,Depok
2990000000.0,150.0,232.0,4.0,4.0,0.0,Depok
1020000000.0,50.0,86.0,2.0,1.0,1.0,Depok
945000000.0,60.0,105.0,2.0,1.0,1.0,Depok
945000000.0,60.0,105.0,2.0,1.0,1.0,Depok
1050000000.0,154.0,83.0,3.0,2.0,0.0,Depok
840000000.0,48.0,84.0,2.0,1.0,0.0,Depok
1050000000.0,70.0,67.0,3.0,2.0,0.0,Depok
1020000000.0,70.0,67.0,3.0,2.0,0.0,Depok
1300000000.0,135.0,115.0,4.0,2.0,1.0,Depok
800000000.0,56.0,68.0,3.0,2.0,2.0,Depok
795000000.0,77.0,60.0,3.0,2.0,1.0,Depok
897000000.0,70.0,70.0,3.0,2.0,2.0,Depok
607000000.0,46.0,60.0,2.0,2.0,1.0,Depok
1950000000.0,90.0,158.0,2.0,2.0,0.0,Depok
2500000000.0,45.0,218.0,2.0,1.0,0.0,Depok
710000000.0,70.0,62.0,3.0,2.0,0.0,Depok
800000000.0,78.0,101.0,3.0,3.0,1.0,Depok
2300000000.0,45.0,218.0,2.0,1.0,0.0,Depok
850000000.0,60.0,56.0,3.0,2.0,0.0,Depok
900000000.0,135.0,178.0,4.0,2.0,0.0,Depok
839000000.0,69.0,70.0,3.0,2.0,2.0,Depok
662000000.0,52.0,40.0,2.0,2.0,1.0,Depok
679000000.0,54.0,57.0,3.0,2.0,0.0,Depok
1960000000.0,130.0,163.0,3.0,3.0,1.0,Depok
1510000000.0,88.0,74.0,3.0,2.0,2.0,Depok
1470000000.0,90.0,90.0,3.0,2.0,1.0,Depok
1610000000.0,88.0,151.0,3.0,2.0,1.0,Depok
1340000000.0,110.0,78.0,3.0,3.0,2.0,Depok
865000000.0,76.0,58.0,3.0,2.0,1.0,Depok
563000000.0,37.0,61.0,2.0,1.0,0.0,Depok
563000000.0,37.0,61.0,2.0,1.0,0.0,Depok
563000000.0,37.0,61.0,2.0,1.0,0.0,Depok
670000000.0,45.0,92.0,2.0,1.0,0.0,Depok
260000000.0,36.0,60.0,2.0,1.0,0.0,Depok
365000000.0,36.0,62.0,2.0,1.0,1.0,Depok
660000000.0,50.0,82.0,2.0,1.0,0.0,Depok
195000000.0,36.0,40.0,2.0,1.0,0.0,Depok
440000000.0,36.0,60.0,2.0,1.0,1.0,Depok
400000000.0,130.0,203.0,3.0,2.0,2.0,Depok
85000000.0,30.0,60.0,2.0,1.0,0.0,Depok
370000000.0,36.0,65.0,3.0,1.0,1.0,Depok
410000000.0,36.0,74.0,2.0,1.0,0.0,Depok
473000000.0,36.0,72.0,2.0,1.0,0.0,Depok
501000000.0,36.0,85.0,2.0,1.0,0.0,Depok
200000000.0,36.0,50.0,2.0,1.0,1.0,Depok
215000000.0,36.0,50.0,2.0,1.0,0.0,Depok
559000000.0,36.0,74.0,2.0,1.0,0.0,Depok
410000000.0,36.0,65.0,2.0,1.0,0.0,Depok
372000000.0,27.0,75.0,2.0,1.0,0.0,Depok
375000000.0,27.0,75.0,2.0,1.0,1.0,Depok
325000000.0,40.0,60.0,2.0,1.0,1.0,Depok
325000000.0,40.0,60.0,2.0,1.0,1.0,Depok
325000000.0,40.0,60.0,2.0,1.0,1.0,Depok
200000000.0,36.0,45.0,3.0,1.0,1.0,Depok
150000000.0,36.0,55.0,2.0,1.0,1.0,Depok
1560000000.0,90.0,109.0,3.0,2.0,0.0,Depok
849000000.0,85.0,50.0,3.0,3.0,2.0,Depok
960000000.0,115.0,70.0,3.0,2.0,0.0,Depok
615000000.0,48.0,70.0,2.0,1.0,0.0,Depok
940000000.0,120.0,88.0,3.0,3.0,1.0,Depok
775000000.0,70.0,91.0,3.0,2.0,1.0,Depok
625000000.0,50.0,75.0,2.0,1.0,1.0,Depok
680000000.0,60.0,64.0,2.0,2.0,1.0,Depok
700000000.0,55.0,105.0,2.0,1.0,2.0,Depok
600000000.0,50.0,85.0,2.0,1.0,1.0,Depok
995000000.0,95.0,80.0,4.0,3.0,2.0,Depok
774000000.0,70.0,92.0,3.0,2.0,1.0,Depok
590000000.0,48.0,70.0,2.0,1.0,0.0,Depok
754000000.0,70.0,50.0,3.0,2.0,1.0,Depok
774000000.0,56.0,68.0,3.0,2.0,1.0,Depok
799000000.0,60.0,70.0,3.0,2.0,1.0,Depok
600000000.0,50.0,85.0,2.0,1.0,1.0,Depok
725000000.0,55.0,70.0,2.0,1.0,1.0,Depok
790000000.0,89.0,70.0,3.0,2.0,0.0,Depok
900000000.0,80.0,60.0,3.0,2.0,1.0,Depok
680000000.0,60.0,60.0,2.0,2.0,1.0,Depok
1490000000.0,130.0,98.0,3.0,3.0,0.0,Depok
1490000000.0,130.0,95.0,3.0,3.0,2.0,Depok
484000000.0,45.0,72.0,2.0,1.0,0.0,Depok
1550000000.0,104.0,84.0,3.0,3.0,0.0,Depok
730000000.0,48.0,101.0,2.0,1.0,0.0,Depok
590000000.0,48.0,70.0,2.0,1.0,0.0,Depok
595000000.0,48.0,72.0,2.0,1.0,0.0,Depok
592000000.0,48.0,70.0,2.0,1.0,0.0,Depok
550000000.0,50.0,72.0,2.0,1.0,1.0,Depok
680000000.0,45.0,70.0,2.0,1.0,1.0,Depok
965000000.0,115.0,70.0,3.0,2.0,0.0,Depok
870000000.0,140.0,131.0,3.0,1.0,1.0,Depok
1260000000.0,95.0,164.0,3.0,2.0,0.0,Depok
780000000.0,42.0,72.0,2.0,1.0,0.0,Depok
900000000.0,81.0,81.0,3.0,1.0,1.0,Depok
780000000.0,42.0,72.0,2.0,1.0,1.0,Depok
1020000000.0,40.0,84.0,2.0,2.0,1.0,Depok
900000000.0,81.0,81.0,3.0,1.0,1.0,Depok
1260000000.0,95.0,164.0,3.0,2.0,0.0,Depok
780000000.0,42.0,72.0,2.0,1.0,0.0,Depok
1020000000.0,40.0,84.0,2.0,2.0,0.0,Depok
1260000000.0,95.0,164.0,3.0,2.0,0.0,Depok
1150000000.0,70.0,94.0,3.0,2.0,0.0,Depok
500000000.0,50.0,75.0,2.0,1.0,1.0,Depok
870000000.0,140.0,131.0,3.0,1.0,1.0,Depok
870000000.0,140.0,131.0,3.0,1.0,1.0,Depok
960000000.0,90.0,108.0,2.0,1.0,0.0,Depok
870000000.0,140.0,131.0,3.0,1.0,1.0,Depok
960000000.0,90.0,108.0,2.0,1.0,1.0,Depok
870000000.0,140.0,131.0,3.0,1.0,1.0,Depok
960000000.0,90.0,108.0,2.0,1.0,0.0,Depok
1260000000.0,95.0,164.0,3.0,2.0,1.0,Depok
630000000.0,52.0,72.0,3.0,1.0,1.0,Depok
470000000.0,48.0,70.0,2.0,1.0,0.0,Depok
484000000.0,45.0,72.0,2.0,1.0,0.0,Depok
785000000.0,70.0,84.0,3.0,2.0,0.0,Depok
1370000000.0,75.0,124.0,3.0,3.0,1.0,Depok
3500000000.0,150.0,234.0,3.0,3.0,2.0,Depok
3500000000.0,150.0,234.0,3.0,3.0,2.0,Depok
1140000000.0,76.0,84.0,3.0,2.0,1.0,Depok
780000000.0,68.0,98.0,3.0,1.0,0.0,Depok
1560000000.0,90.0,72.0,3.0,2.0,0.0,Depok
660000000.0,72.0,72.0,2.0,1.0,0.0,Depok
750000000.0,60.0,60.0,3.0,2.0,2.0,Depok
1560000000.0,90.0,72.0,3.0,2.0,0.0,Depok
780000000.0,68.0,98.0,3.0,1.0,0.0,Depok
660000000.0,72.0,72.0,2.0,1.0,0.0,Depok
660000000.0,72.0,72.0,2.0,1.0,0.0,Depok
660000000.0,72.0,72.0,2.0,1.0,0.0,Depok
1020000000.0,50.0,86.0,2.0,1.0,1.0,Depok
1560000000.0,90.0,72.0,3.0,2.0,0.0,Depok
800000000.0,71.0,96.0,2.0,1.0,0.0,Depok
465000000.0,38.0,60.0,2.0,1.0,0.0,Depok
800000000.0,71.0,96.0,2.0,1.0,0.0,Depok
660000000.0,72.0,72.0,2.0,1.0,0.0,Depok
1560000000.0,90.0,72.0,3.0,2.0,0.0,Depok
780000000.0,68.0,98.0,3.0,1.0,1.0,Depok
800000000.0,71.0,96.0,2.0,1.0,0.0,Depok
464000000.0,38.0,60.0,2.0,1.0,1.0,Depok
800000000.0,71.0,84.0,3.0,2.0,2.0,Depok
999000000.0,80.0,89.0,3.0,2.0,2.0,Depok
970000000.0,70.0,81.0,3.0,2.0,2.0,Depok
580000000.0,54.0,60.0,3.0,2.0,2.0,Depok
775000000.0,65.0,67.0,3.0,2.0,0.0,Depok
70000000.0,45.0,78.0,2.0,2.0,1.0,Depok
660000000.0,36.0,78.0,2.0,1.0,1.0,Depok
725000000.0,56.0,66.0,3.0,2.0,2.0,Depok
559000000.0,36.0,74.0,2.0,1.0,0.0,Depok
995000000.0,100.0,95.0,3.0,3.0,2.0,Depok
725000000.0,56.0,66.0,3.0,2.0,0.0,Depok
699000000.0,56.0,66.0,3.0,2.0,0.0,Depok
1350000000.0,150.0,120.0,4.0,3.0,0.0,Depok
615000000.0,60.0,60.0,3.0,2.0,1.0,Depok
220000000.0,36.0,60.0,2.0,1.0,0.0,Depok
500000000.0,38.0,60.0,2.0,1.0,0.0,Depok
1100000000.0,75.0,96.0,3.0,3.0,0.0,Depok
1920000000.0,160.0,167.0,2.0,3.0,0.0,Depok
2040000000.0,150.0,113.0,2.0,2.0,1.0,Depok
1560000000.0,140.0,72.0,3.0,3.0,0.0,Depok
1920000000.0,160.0,167.0,2.0,3.0,0.0,Depok
1100000000.0,75.0,96.0,3.0,3.0,0.0,Depok
1100000000.0,75.0,96.0,3.0,3.0,0.0,Depok
1560000000.0,140.0,72.0,3.0,3.0,0.0,Depok
1500000000.0,150.0,151.0,4.0,3.0,0.0,Depok
1980000000.0,105.0,95.0,3.0,2.0,1.0,Depok
699000000.0,66.0,42.0,3.0,2.0,1.0,Depok
960000000.0,90.0,108.0,2.0,1.0,0.0,Depok
1100000000.0,75.0,96.0,3.0,3.0,0.0,Depok
1920000000.0,160.0,167.0,2.0,3.0,0.0,Depok
2040000000.0,150.0,113.0,2.0,2.0,1.0,Depok
1560000000.0,140.0,72.0,3.0,3.0,0.0,Depok
1500000000.0,150.0,151.0,4.0,3.0,0.0,Depok
2040000000.0,150.0,113.0,2.0,2.0,1.0,Depok
1650000000.0,110.0,78.0,3.0,3.0,1.0,Depok
1500000000.0,150.0,151.0,4.0,3.0,0.0,Depok
1410000000.0,112.0,180.0,3.0,3.0,1.0,Depok
1500000000.0,150.0,151.0,4.0,3.0,0.0,Depok
1100000000.0,75.0,96.0,3.0,3.0,0.0,Depok
1410000000.0,180.0,112.0,3.0,3.0,1.0,Depok
1410000000.0,180.0,112.0,3.0,3.0,1.0,Depok
1920000000.0,160.0,167.0,2.0,3.0,0.0,Depok
1560000000.0,140.0,72.0,3.0,3.0,0.0,Depok
295000000.0,45.0,70.0,2.0,1.0,0.0,Depok
1720000000.0,155.0,84.0,3.0,3.0,4.0,Depok
1430000000.0,90.0,67.0,4.0,3.0,1.0,Depok
1500000000.0,104.0,164.0,3.0,3.0,1.0,Depok
1020000000.0,50.0,86.0,2.0,1.0,1.0,Depok
1500000000.0,104.0,164.0,3.0,3.0,1.0,Depok
900000000.0,90.0,119.0,3.0,2.0,1.0,Depok
840000000.0,48.0,84.0,2.0,1.0,0.0,Depok
840000000.0,48.0,84.0,2.0,1.0,0.0,Depok
800000000.0,71.0,96.0,2.0,1.0,0.0,Depok
1020000000.0,50.0,86.0,2.0,1.0,1.0,Depok
945000000.0,60.0,105.0,2.0,1.0,1.0,Depok
1020000000.0,140.0,120.0,3.0,2.0,1.0,Depok
945000000.0,60.0,105.0,2.0,1.0,1.0,Depok
1500000000.0,104.0,164.0,3.0,3.0,1.0,Depok
897000000.0,70.0,90.0,3.0,2.0,1.0,Depok
900000000.0,90.0,119.0,3.0,2.0,1.0,Depok
1200000000.0,135.0,90.0,2.0,2.0,0.0,Depok
840000000.0,48.0,84.0,2.0,1.0,0.0,Depok
1200000000.0,78.0,98.0,2.0,3.0,1.0,Depok
1020000000.0,140.0,120.0,3.0,2.0,1.0,Depok
1500000000.0,104.0,164.0,3.0,3.0,1.0,Depok
1300000000.0,180.0,220.0,3.0,3.0,0.0,Depok
1000000000.0,140.0,140.0,3.0,2.0,2.0,Depok
1850000000.0,230.0,160.0,4.0,3.0,1.0,Depok
1080000000.0,70.0,90.0,2.0,1.0,0.0,Depok
2280000000.0,200.0,180.0,3.0,4.0,1.0,Depok
900000000.0,90.0,119.0,3.0,2.0,1.0,Depok
900000000.0,90.0,119.0,3.0,2.0,1.0,Depok
870000000.0,61.0,71.0,3.0,2.0,2.0,Depok
1080000000.0,70.0,90.0,2.0,1.0,1.0,Depok
1080000000.0,70.0,90.0,2.0,1.0,1.0,Depok
2280000000.0,200.0,180.0,3.0,4.0,1.0,Depok
1560000000.0,145.0,115.0,3.0,3.0,0.0,Depok
900000000.0,45.0,90.0,2.0,2.0,0.0,Depok
1800000000.0,150.0,106.0,3.0,3.0,0.0,Depok
1800000000.0,150.0,106.0,3.0,3.0,1.0,Depok
1800000000.0,150.0,106.0,3.0,3.0,0.0,Depok
1800000000.0,150.0,106.0,3.0,3.0,1.0,Depok
2040000000.0,115.0,150.0,3.0,3.0,0.0,Depok
4200000000.0,120.0,194.0,3.0,4.0,0.0,Depok
658000000.0,55.0,55.0,2.0,2.0,0.0,Depok
2280000000.0,200.0,180.0,3.0,4.0,1.0,Depok
780000000.0,68.0,98.0,3.0,1.0,0.0,Depok
1560000000.0,145.0,115.0,3.0,3.0,0.0,Depok
900000000.0,45.0,90.0,2.0,2.0,0.0,Depok
1560000000.0,145.0,115.0,3.0,3.0,0.0,Depok
900000000.0,45.0,90.0,2.0,2.0,0.0,Depok
2040000000.0,115.0,150.0,3.0,3.0,0.0,Depok
900000000.0,45.0,90.0,2.0,2.0,0.0,Depok
2280000000.0,200.0,180.0,3.0,4.0,1.0,Depok
1560000000.0,145.0,115.0,3.0,3.0,0.0,Depok
4200000000.0,120.0,194.0,3.0,4.0,1.0,Depok
800000000.0,68.0,70.0,3.0,2.0,2.0,Depok
556000000.0,55.0,55.0,2.0,2.0,0.0,Depok
651000000.0,55.0,54.0,2.0,2.0,0.0,Depok
995000000.0,70.0,72.0,3.0,2.0,1.0,Depok
1200000000.0,100.0,120.0,3.0,3.0,1.0,Depok
1200000000.0,100.0,120.0,3.0,3.0,1.0,Depok
1100000000.0,105.0,72.0,3.0,4.0,1.0,Depok
485000000.0,55.0,84.0,2.0,1.0,0.0,Depok
1400000000.0,120.0,78.0,3.0,2.0,1.0,Depok
1980000000.0,105.0,95.0,3.0,2.0,1.0,Depok
1650000000.0,110.0,78.0,3.0,3.0,0.0,Depok
1680000000.0,88.0,152.0,3.0,2.0,0.0,Depok
750000000.0,43.0,72.0,1.0,1.0,0.0,Depok
950000000.0,100.0,85.0,2.0,2.0,0.0,Depok
1400000000.0,120.0,78.0,3.0,2.0,1.0,Depok
1150000000.0,110.0,72.0,3.0,3.0,1.0,Depok
960000000.0,60.0,90.0,2.0,1.0,0.0,Depok
1400000000.0,120.0,78.0,3.0,2.0,1.0,Depok
1980000000.0,105.0,95.0,3.0,2.0,1.0,Depok
2520000000.0,200.0,150.0,4.0,3.0,1.0,Depok
1560000000.0,90.0,109.0,3.0,2.0,2.0,Depok
1500000000.0,150.0,151.0,4.0,3.0,0.0,Depok
1920000000.0,160.0,167.0,2.0,3.0,0.0,Depok
1560000000.0,140.0,72.0,3.0,3.0,0.0,Depok
1400000000.0,120.0,78.0,3.0,2.0,1.0,Depok
2520000000.0,200.0,150.0,4.0,3.0,1.0,Depok
2520000000.0,125.0,132.0,4.0,3.0,1.0,Depok
1980000000.0,105.0,95.0,3.0,2.0,1.0,Depok
2640000000.0,140.0,110.0,4.0,4.0,1.0,Depok
2040000000.0,150.0,113.0,2.0,2.0,1.0,Depok
1650000000.0,110.0,78.0,3.0,3.0,1.0,Depok
1410000000.0,112.0,180.0,3.0,3.0,1.0,Depok
1200000000.0,77.0,120.0,2.0,2.0,0.0,Depok
1650000000.0,200.0,140.0,4.0,3.0,2.0,Depok
1900000000.0,180.0,120.0,3.0,3.0,0.0,Depok
2200000000.0,160.0,118.0,3.0,3.0,0.0,Depok
2700000000.0,112.0,108.0,3.0,2.0,0.0,Depok
2550000000.0,158.0,120.0,3.0,3.0,0.0,Depok
1480000000.0,73.0,60.0,3.0,2.0,2.0,Depok
5700000000.0,320.0,246.0,4.0,4.0,1.0,Depok
1570000000.0,56.0,112.0,3.0,1.0,0.0,Depok
970000000.0,115.0,70.0,3.0,2.0,0.0,Depok
1950000000.0,180.0,120.0,4.0,2.0,0.0,Depok
3000000000.0,225.0,250.0,3.0,3.0,1.0,Depok
750000000.0,200.0,170.0,4.0,2.0,2.0,Depok
800000000.0,78.0,65.0,3.0,3.0,0.0,Depok
2500000000.0,178.0,120.0,3.0,3.0,0.0,Depok
890000000.0,78.0,101.0,3.0,3.0,1.0,Depok
2200000000.0,160.0,118.0,4.0,3.0,0.0,Depok
4000000000.0,145.0,158.0,2.0,2.0,0.0,Depok
1900000000.0,220.0,150.0,3.0,3.0,0.0,Depok
1090000000.0,110.0,72.0,3.0,4.0,1.0,Depok
680000000.0,70.0,60.0,2.0,2.0,1.0,Depok
2750000000.0,200.0,187.0,3.0,3.0,0.0,Depok
1650000000.0,110.0,78.0,3.0,3.0,0.0,Depok
2280000000.0,83.0,120.0,2.0,2.0,1.0,Depok
1500000000.0,140.0,120.0,3.0,3.0,1.0,Depok
1650000000.0,150.0,108.0,2.0,2.0,0.0,Depok
1200000000.0,90.0,132.0,2.0,2.0,1.0,Depok
1350000000.0,138.0,80.0,3.0,3.0,0.0,Depok
525000000.0,36.0,75.0,2.0,1.0,1.0,Depok
2130000000.0,91.0,120.0,3.0,2.0,2.0,Depok
1450000000.0,93.0,56.0,2.0,2.0,1.0,Depok
1480000000.0,73.0,62.0,3.0,2.0,1.0,Depok
1590000000.0,84.0,71.0,3.0,3.0,1.0,Depok
1170000000.0,88.0,93.0,3.0,2.0,0.0,Depok
2520000000.0,200.0,150.0,4.0,3.0,1.0,Depok
1170000000.0,88.0,93.0,3.0,2.0,0.0,Depok
400000000.0,40.0,68.0,2.0,1.0,0.0,Depok
1560000000.0,90.0,109.0,3.0,2.0,2.0,Depok
750000000.0,43.0,72.0,1.0,1.0,0.0,Depok
660000000.0,50.0,82.0,2.0,1.0,0.0,Depok
960000000.0,90.0,108.0,2.0,1.0,1.0,Depok
660000000.0,50.0,82.0,2.0,1.0,0.0,Depok
1200000000.0,45.0,120.0,2.0,1.0,0.0,Depok
1560000000.0,90.0,109.0,3.0,2.0,2.0,Depok
793000000.0,90.0,72.0,3.0,2.0,1.0,Depok
1560000000.0,90.0,109.0,3.0,2.0,0.0,Depok
484000000.0,42.0,66.0,2.0,1.0,1.0,Depok
300000000.0,40.0,60.0,2.0,1.0,1.0,Depok
750000000.0,43.0,72.0,1.0,1.0,0.0,Depok
235000000.0,36.0,50.0,2.0,1.0,1.0,Depok
1320000000.0,160.0,90.0,3.0,2.0,0.0,Depok
660000000.0,50.0,82.0,2.0,1.0,0.0,Depok
900000000.0,81.0,81.0,3.0,1.0,1.0,Depok
1260000000.0,95.0,164.0,3.0,2.0,1.0,Depok
1320000000.0,160.0,90.0,3.0,2.0,0.0,Depok
750000000.0,43.0,72.0,1.0,1.0,0.0,Depok
780000000.0,42.0,72.0,2.0,1.0,1.0,Depok
1200000000.0,100.0,120.0,3.0,3.0,1.0,Depok
750000000.0,43.0,72.0,1.0,1.0,0.0,Depok
660000000.0,50.0,82.0,2.0,1.0,0.0,Depok
1200000000.0,100.0,120.0,3.0,3.0,1.0,Depok
1020000000.0,40.0,84.0,2.0,2.0,1.0,Depok
1560000000.0,90.0,109.0,3.0,2.0,2.0,Depok
901000000.0,78.0,101.0,3.0,3.0,1.0,Depok
901000000.0,91.0,101.0,3.0,3.0,1.0,Depok
1110000000.0,101.0,91.0,4.0,3.0,2.0,Depok
485000000.0,45.0,60.0,2.0,1.0,0.0,Depok
1200000000.0,75.0,84.0,2.0,2.0,2.0,Depok
800000000.0,56.0,68.0,3.0,2.0,2.0,Depok
750000000.0,69.0,70.0,3.0,2.0,2.0,Depok
600000000.0,38.0,68.0,2.0,1.0,1.0,Depok
650000000.0,52.0,72.0,3.0,1.0,1.0,Depok
917000000.0,45.0,84.0,2.0,1.0,0.0,Depok
950000000.0,118.0,70.0,4.0,2.0,0.0,Depok
955000000.0,115.0,70.0,3.0,2.0,0.0,Depok
1870000000.0,135.0,124.0,4.0,4.0,0.0,Depok
285000000.0,40.0,63.0,2.0,1.0,1.0,Depok
1330000000.0,75.0,84.0,3.0,2.0,0.0,Depok
2490000000.0,133.0,158.0,4.0,4.0,2.0,Depok
2280000000.0,126.0,142.0,3.0,3.0,2.0,Depok
230000000.0,36.0,50.0,2.0,1.0,1.0,Depok
3500000000.0,120.0,200.0,3.0,4.0,0.0,Depok
800000000.0,78.0,101.0,3.0,3.0,1.0,Depok
387000000.0,42.0,55.0,2.0,1.0,1.0,Depok
485000000.0,42.0,72.0,2.0,1.0,0.0,Depok
525000000.0,45.0,73.0,2.0,1.0,0.0,Depok
1600000000.0,79.0,120.0,3.0,2.0,3.0,Depok
445000000.0,80.0,60.0,4.0,2.0,1.0,Depok
1450000000.0,68.0,144.0,2.0,2.0,0.0,Depok
200000000.0,36.0,50.0,2.0,1.0,1.0,Depok
1800000000.0,120.0,112.0,5.0,4.0,4.0,Depok
750000000.0,50.0,66.0,2.0,1.0,0.0,Depok
650000000.0,80.0,119.0,3.0,1.0,1.0,Depok
2280000000.0,103.0,110.0,3.0,3.0,0.0,Depok
1670000000.0,103.0,96.0,3.0,2.0,0.0,Depok
1410000000.0,85.0,84.0,3.0,2.0,0.0,Depok
1330000000.0,75.0,84.0,2.0,2.0,0.0,Depok
1940000000.0,75.0,106.0,2.0,2.0,0.0,Depok
2790000000.0,120.0,129.0,4.0,4.0,0.0,Depok
1330000000.0,75.0,84.0,3.0,3.0,0.0,Depok
508000000.0,45.0,72.0,2.0,1.0,1.0,Depok
1500000000.0,103.0,96.0,4.0,4.0,2.0,Depok
583000000.0,34.0,70.0,2.0,1.0,1.0,Depok
622000000.0,63.0,52.0,2.0,2.0,1.0,Depok
1600000000.0,150.0,230.0,3.0,3.0,0.0,Depok
1100000000.0,74.0,92.0,3.0,2.0,2.0,Depok
799000000.0,66.0,76.0,3.0,2.0,2.0,Depok
590000000.0,72.0,72.0,3.0,2.0,0.0,Depok
755000000.0,60.0,75.0,3.0,2.0,2.0,Depok
1230000000.0,71.0,121.0,2.0,2.0,2.0,Depok
1200000000.0,78.0,98.0,2.0,3.0,1.0,Depok
1200000000.0,78.0,98.0,2.0,3.0,1.0,Depok
500000000.0,30.0,50.0,2.0,1.0,1.0,Depok
699000000.0,70.0,62.0,3.0,2.0,0.0,Depok
1800000000.0,158.0,120.0,3.0,3.0,0.0,Depok
2600000000.0,225.0,235.0,3.0,2.0,1.0,Depok
1200000000.0,78.0,98.0,2.0,2.0,0.0,Depok
875000000.0,69.0,70.0,3.0,2.0,0.0,Depok
945000000.0,60.0,105.0,2.0,1.0,1.0,Depok
660000000.0,45.0,80.0,2.0,1.0,1.0,Depok
660000000.0,45.0,80.0,2.0,1.0,1.0,Depok
690000000.0,45.0,87.0,2.0,1.0,1.0,Depok
350000000.0,36.0,60.0,3.0,1.0,0.0,Depok
800000000.0,144.0,109.0,3.0,3.0,2.0,Depok
1250000000.0,110.0,128.0,3.0,1.0,0.0,Depok
690000000.0,45.0,87.0,2.0,1.0,0.0,Depok
950000000.0,57.0,120.0,2.0,1.0,0.0,Depok
1800000000.0,150.0,106.0,3.0,3.0,1.0,Depok
2520000000.0,200.0,150.0,4.0,3.0,1.0,Depok
1100000000.0,75.0,96.0,3.0,3.0,0.0,Depok
1150000000.0,80.0,72.0,3.0,3.0,2.0,Depok
1150000000.0,80.0,72.0,3.0,3.0,2.0,Depok
995000000.0,75.0,72.0,3.0,2.0,2.0,Depok
756000000.0,51.0,60.0,2.0,2.0,0.0,Depok
1440000000.0,130.0,97.0,3.0,3.0,2.0,Depok
725000000.0,50.0,50.0,2.0,2.0,1.0,Depok
1350000000.0,120.0,102.0,3.0,3.0,2.0,Depok
950000000.0,72.0,57.0,3.0,2.0,0.0,Depok
1600000000.0,120.0,100.0,4.0,3.0,0.0,Depok
995000000.0,75.0,72.0,3.0,2.0,0.0,Depok
2300000000.0,168.0,127.0,5.0,5.0,0.0,Depok
1400000000.0,120.0,72.0,3.0,3.0,2.0,Depok
1700000000.0,120.0,100.0,3.0,3.0,1.0,Depok
1400000000.0,130.0,100.0,3.0,3.0,1.0,Depok
1700000000.0,140.0,77.0,3.0,3.0,2.0,Depok
995000000.0,75.0,72.0,3.0,2.0,1.0,Depok
1420000000.0,110.0,86.0,3.0,3.0,1.0,Depok
2300000000.0,170.0,127.0,4.0,3.0,2.0,Depok
1950000000.0,136.0,125.0,3.0,3.0,0.0,Depok
770000000.0,42.0,72.0,2.0,1.0,0.0,Depok
900000000.0,45.0,90.0,2.0,2.0,0.0,Depok
4200000000.0,120.0,194.0,3.0,4.0,1.0,Depok
1560000000.0,90.0,72.0,3.0,2.0,0.0,Depok
1050000000.0,154.0,83.0,5.0,2.0,0.0,Depok
1560000000.0,145.0,115.0,3.0,3.0,0.0,Depok
1730000000.0,100.0,80.0,3.0,3.0,0.0,Depok
1200000000.0,60.0,80.0,4.0,3.0,2.0,Depok
1220000000.0,80.0,81.0,3.0,3.0,0.0,Depok
1000000000.0,66.0,100.0,4.0,4.0,1.0,Depok
350000000.0,36.0,50.0,2.0,1.0,0.0,Depok
660000000.0,72.0,72.0,2.0,1.0,0.0,Depok
1300000000.0,100.0,98.0,3.0,3.0,1.0,Depok
870000000.0,85.0,60.0,3.0,3.0,1.0,Depok
890000000.0,90.0,68.0,3.0,3.0,1.0,Depok
800000000.0,70.0,80.0,3.0,2.0,0.0,Depok
1170000000.0,88.0,93.0,3.0,2.0,0.0,Depok
1250000000.0,110.0,72.0,3.0,3.0,2.0,Depok
1100000000.0,100.0,92.0,3.0,2.0,0.0,Depok
1450000000.0,130.0,98.0,3.0,3.0,2.0,Depok
900000000.0,75.0,60.0,3.0,2.0,1.0,Depok
1300000000.0,130.0,98.0,3.0,3.0,0.0,Depok
2310000000.0,180.0,127.0,5.0,5.0,0.0,Depok
1430000000.0,90.0,100.0,4.0,2.0,0.0,Depok
575000000.0,36.0,46.0,2.0,1.0,0.0,Depok
485000000.0,50.0,72.0,2.0,1.0,1.0,Depok
506000000.0,46.0,40.0,2.0,2.0,1.0,Depok
980000000.0,70.0,80.0,3.0,2.0,0.0,Depok
980000000.0,70.0,80.0,3.0,2.0,0.0,Depok
980000000.0,70.0,80.0,3.0,2.0,0.0,Depok
846000000.0,70.0,63.0,3.0,2.0,0.0,Depok
1170000000.0,88.0,93.0,2.0,1.0,0.0,Depok
1170000000.0,88.0,93.0,2.0,1.0,0.0,Depok
1850000000.0,189.0,84.0,3.0,3.0,0.0,Jakarta Barat
1650000000.0,132.0,60.0,3.0,3.0,0.0,Jakarta Barat
2400000000.0,227.0,89.0,5.0,4.0,0.0,Jakarta Barat
3550000000.0,160.0,112.0,4.0,2.0,0.0,Jakarta Barat
2400000000.0,144.0,84.0,5.0,2.0,0.0,Jakarta Barat
3550000000.0,200.0,120.0,3.0,2.0,0.0,Jakarta Barat
2600000000.0,150.0,75.0,4.0,3.0,0.0,Jakarta Barat
3700000000.0,196.0,105.0,4.0,4.0,0.0,Jakarta Barat
2200000000.0,168.0,64.0,4.0,3.0,0.0,Jakarta Barat
2100000000.0,128.0,50.0,3.0,3.0,0.0,Jakarta Barat
1800000000.0,144.0,61.0,3.0,3.0,0.0,Jakarta Barat
4700000000.0,255.0,225.0,1.0,1.0,0.0,Jakarta Barat
3000000000.0,250.0,135.0,3.0,3.0,0.0,Jakarta Barat
6300000000.0,315.0,233.0,5.0,6.0,0.0,Jakarta Barat
3000000000.0,140.0,140.0,3.0,3.0,0.0,Jakarta Barat
2200000000.0,168.0,64.0,4.0,3.0,0.0,Jakarta Barat
2700000000.0,200.0,88.0,6.0,4.0,0.0,Jakarta Barat
2600000000.0,150.0,75.0,3.0,3.0,0.0,Jakarta Barat
4700000000.0,255.0,225.0,1.0,1.0,0.0,Jakarta Barat
3950000000.0,282.0,141.0,1.0,1.0,0.0,Jakarta Barat
3000000000.0,123.0,156.0,3.0,2.0,0.0,Jakarta Barat
3350000000.0,192.0,192.0,1.0,1.0,0.0,Jakarta Barat
1850000000.0,189.0,84.0,3.0,3.0,0.0,Jakarta Barat
2300000000.0,131.0,55.0,4.0,3.0,0.0,Jakarta Barat
1350000000.0,73.0,36.0,3.0,3.0,0.0,Jakarta Barat
2500000000.0,150.0,117.0,3.0,2.0,0.0,Jakarta Barat
2700000000.0,170.0,80.0,3.0,3.0,0.0,Jakarta Barat
2600000000.0,150.0,75.0,3.0,3.0,0.0,Jakarta Barat
2500000000.0,180.0,84.0,3.0,3.0,0.0,Jakarta Barat
1590000000.0,110.0,39.0,3.0,3.0,0.0,Jakarta Barat
2400000000.0,185.0,84.0,3.0,2.0,0.0,Jakarta Barat
4300000000.0,294.0,102.0,4.0,5.0,0.0,Jakarta Barat
3750000000.0,210.0,140.0,4.0,4.0,0.0,Jakarta Barat
2750000000.0,126.0,140.0,3.0,2.0,0.0,Jakarta Barat
3100000000.0,236.0,168.0,3.0,3.0,2.0,Jakarta Barat
3500000000.0,168.0,180.0,3.0,3.0,0.0,Jakarta Barat
1710000000.0,130.0,80.0,3.0,3.0,1.0,Jakarta Selatan
1950000000.0,150.0,95.0,4.0,4.0,0.0,Jakarta Selatan
2300000000.0,180.0,121.0,4.0,4.0,2.0,Jakarta Selatan
2400000000.0,160.0,113.0,4.0,4.0,2.0,Jakarta Selatan
1550000000.0,120.0,70.0,3.0,3.0,1.0,Jakarta Selatan
695000000.0,80.0,40.0,2.0,2.0,0.0,Jakarta Selatan
2640000000.0,140.0,110.0,4.0,4.0,0.0,Jakarta Selatan
4500000000.0,230.0,168.0,4.0,4.0,2.0,Jakarta Selatan
2640000000.0,140.0,110.0,4.0,4.0,1.0,Jakarta Selatan
1950000000.0,150.0,95.0,3.0,3.0,0.0,Jakarta Selatan
1450000000.0,130.0,97.0,3.0,3.0,2.0,Jakarta Selatan
3700000000.0,240.0,112.0,4.0,4.0,2.0,Jakarta Selatan
2000000000.0,160.0,125.0,5.0,5.0,2.0,Jakarta Selatan
3200000000.0,280.0,210.0,4.0,4.0,3.0,Jakarta Selatan
1950000000.0,150.0,96.0,3.0,3.0,1.0,Jakarta Selatan
1950000000.0,150.0,96.0,3.0,3.0,1.0,Jakarta Selatan
1650000000.0,110.0,78.0,3.0,3.0,0.0,Jakarta Selatan
2640000000.0,140.0,110.0,4.0,4.0,1.0,Jakarta Selatan
1250000000.0,120.0,77.0,3.0,3.0,1.0,Jakarta Selatan
5500000000.0,300.0,165.0,5.0,4.0,3.0,Jakarta Selatan
2500000000.0,240.0,126.0,5.0,4.0,0.0,Jakarta Selatan
3700000000.0,240.0,139.0,5.0,5.0,0.0,Jakarta Selatan
3720000000.0,240.0,112.0,4.0,4.0,2.0,Jakarta Selatan
2400000000.0,250.0,150.0,4.0,4.0,2.0,Jakarta Selatan
2900000000.0,230.0,92.0,4.0,4.0,0.0,Jakarta Selatan
2500000000.0,220.0,120.0,4.0,3.0,2.0,Jakarta Selatan
1520000000.0,130.0,77.0,4.0,4.0,0.0,Jakarta Selatan
3500000000.0,200.0,135.0,4.0,3.0,2.0,Jakarta Selatan
1400000000.0,120.0,78.0,3.0,2.0,1.0,Jakarta Selatan
3600000000.0,260.0,101.0,4.0,4.0,1.0,Jakarta Selatan
4950000000.0,300.0,202.0,4.0,4.0,2.0,Jakarta Selatan
1900000000.0,150.0,90.0,4.0,4.0,0.0,Jakarta Selatan
1550000000.0,160.0,126.0,4.0,4.0,0.0,Jakarta Selatan
2750000000.0,169.0,170.0,4.0,4.0,0.0,Jakarta Selatan
2300000000.0,165.0,120.0,3.0,3.0,0.0,Jakarta Selatan
1450000000.0,100.0,63.0,3.0,3.0,0.0,Jakarta Selatan
4950000000.0,320.0,223.0,6.0,6.0,1.0,Jakarta Selatan
1300000000.0,62.0,60.0,3.0,2.0,0.0,Jakarta Selatan
1680000000.0,132.0,60.0,3.0,3.0,0.0,Jakarta Selatan
1290000000.0,70.0,60.0,3.0,2.0,0.0,Jakarta Selatan
3500000000.0,250.0,216.0,3.0,2.0,0.0,Jakarta Selatan
4000000000.0,270.0,128.0,6.0,6.0,3.0,Jakarta Selatan
2700000000.0,180.0,118.0,3.0,3.0,0.0,Jakarta Selatan
949000000.0,74.0,60.0,3.0,2.0,1.0,Jakarta Selatan
2350000000.0,98.0,75.0,3.0,3.0,0.0,Jakarta Utara
3150000000.0,150.0,100.0,3.0,3.0,1.0,Jakarta Utara
5500000000.0,160.0,150.0,3.0,3.0,0.0,Jakarta Utara
7500000000.0,200.0,216.0,4.0,4.0,0.0,Jakarta Utara
2300000000.0,100.0,75.0,3.0,3.0,1.0,Jakarta Utara
3000000000.0,100.0,90.0,3.0,3.0,2.0,Jakarta Utara
4000000000.0,146.0,120.0,3.0,3.0,0.0,Jakarta Utara
5000000000.0,182.0,130.0,4.0,3.0,0.0,Jakarta Utara
3150000000.0,120.0,100.0,3.0,3.0,0.0,Jakarta Utara
7700000000.0,250.0,180.0,4.0,3.0,2.0,Jakarta Utara
3150000000.0,120.0,100.0,3.0,3.0,0.0,Jakarta Utara
4700000000.0,150.0,120.0,3.0,3.0,0.0,Jakarta Utara
4100000000.0,160.0,102.0,3.0,3.0,0.0,Jakarta Utara
1950000000.0,55.0,45.0,3.0,2.0,0.0,Jakarta Utara
6750000000.0,224.0,180.0,4.0,4.0,0.0,Jakarta Utara
3000000000.0,120.0,90.0,3.0,3.0,2.0,Jakarta Utara
3100000000.0,115.0,100.0,3.0,2.0,0.0,Jakarta Utara
1350000000.0,54.0,45.0,2.0,2.0,0.0,Jakarta Utara
2900000000.0,119.0,90.0,3.0,3.0,0.0,Jakarta Utara
2900000000.0,136.0,90.0,3.0,3.0,0.0,Jakarta Utara
4900000000.0,209.0,150.0,4.0,4.0,0.0,Jakarta Utara
2350000000.0,98.0,80.0,3.0,3.0,0.0,Jakarta Utara
6800000000.0,300.0,136.0,5.0,5.0,0.0,Jakarta Utara
3000000000.0,120.0,90.0,3.0,3.0,0.0,Jakarta Utara
6750000000.0,224.0,180.0,4.0,4.0,0.0,Jakarta Utara
5990000000.0,200.0,160.0,4.0,4.0,2.0,Jakarta Utara
5700000000.0,200.0,160.0,3.0,3.0,2.0,Jakarta Utara
4300000000.0,150.0,120.0,3.0,2.0,0.0,Jakarta Utara
4000000000.0,130.0,120.0,3.0,3.0,2.0,Jakarta Utara
5700000000.0,200.0,160.0,3.0,3.0,2.0,Jakarta Utara
7000000000.0,220.0,160.0,3.0,3.0,1.0,Jakarta Utara
5200000000.0,144.0,144.0,3.0,2.0,0.0,Jakarta Utara
2400000000.0,150.0,60.0,3.0,3.0,2.0,Jakarta Utara
7000000000.0,200.0,200.0,4.0,3.0,1.0,Jakarta Utara
4200000000.0,120.0,102.0,3.0,3.0,0.0,Jakarta Utara
4750000000.0,200.0,120.0,3.0,2.0,1.0,Jakarta Utara
5350000000.0,208.0,144.0,4.0,3.0,0.0,Jakarta Utara
6000000000.0,300.0,160.0,4.0,3.0,0.0,Jakarta Utara
5500000000.0,200.0,204.0,4.0,2.0,0.0,Jakarta Barat
1750000000.0,140.0,64.0,3.0,4.0,0.0,Jakarta Barat
3600000000.0,200.0,120.0,4.0,3.0,0.0,Jakarta Barat
6000000000.0,325.0,200.0,3.0,3.0,1.0,Jakarta Barat
4500000000.0,250.0,140.0,4.0,3.0,0.0,Jakarta Barat
1300000000.0,150.0,56.0,3.0,3.0,0.0,Jakarta Barat
4600000000.0,200.0,144.0,4.0,3.0,2.0,Jakarta Barat
3200000000.0,200.0,150.0,6.0,5.0,0.0,Jakarta Barat
2600000000.0,177.0,117.0,4.0,3.0,0.0,Jakarta Barat
2340000000.0,120.0,97.0,3.0,2.0,1.0,Jakarta Barat
2340000000.0,120.0,97.0,3.0,2.0,0.0,Jakarta Barat
4200000000.0,250.0,160.0,4.0,3.0,1.0,Jakarta Barat
2340000000.0,120.0,97.0,3.0,2.0,1.0,Jakarta Barat
6250000000.0,185.0,175.0,2.0,2.0,0.0,Jakarta Selatan
1750000000.0,140.0,64.0,3.0,4.0,0.0,Jakarta Barat
1880000000.0,110.0,80.0,3.0,3.0,2.0,Jakarta Barat
2200000000.0,140.0,125.0,3.0,3.0,2.0,Jakarta Barat
2850000000.0,165.0,150.0,4.0,2.0,0.0,Jakarta Barat
1880000000.0,110.0,80.0,3.0,3.0,2.0,Jakarta Barat
2200000000.0,140.0,125.0,3.0,3.0,2.0,Jakarta Barat
2500000000.0,186.0,125.0,3.0,3.0,0.0,Jakarta Barat
2300000000.0,150.0,125.0,3.0,3.0,0.0,Jakarta Barat
2300000000.0,150.0,125.0,3.0,3.0,0.0,Jakarta Barat
1550000000.0,85.0,60.0,3.0,3.0,0.0,Jakarta Barat
1850000000.0,120.0,80.0,3.0,3.0,0.0,Jakarta Barat
2150000000.0,150.0,125.0,3.0,3.0,0.0,Jakarta Barat
1850000000.0,120.0,80.0,3.0,3.0,0.0,Jakarta Barat
2150000000.0,150.0,125.0,3.0,3.0,0.0,Jakarta Barat
2300000000.0,150.0,125.0,3.0,3.0,0.0,Jakarta Barat
2300000000.0,150.0,125.0,3.0,3.0,0.0,Jakarta Barat
3200000000.0,239.0,250.0,4.0,3.0,1.0,Jakarta Barat
1950000000.0,149.0,125.0,3.0,3.0,2.0,Jakarta Barat
408000000.0,35.0,18.0,2.0,1.0,0.0,Jakarta Timur
495000000.0,33.0,17.0,2.0,1.0,0.0,Jakarta Timur
418000000.0,35.0,18.0,2.0,1.0,0.0,Jakarta Timur
495000000.0,33.0,17.0,2.0,1.0,0.0,Jakarta Timur
330000000.0,28.0,15.0,1.0,1.0,0.0,Jakarta Timur
418000000.0,35.0,18.0,2.0,1.0,0.0,Jakarta Timur
418000000.0,33.0,18.0,2.0,2.0,0.0,Jakarta Timur
1400000000.0,87.0,60.0,2.0,2.0,0.0,Jakarta Barat
2900000000.0,120.0,120.0,3.0,3.0,0.0,Jakarta Barat
5400000000.0,250.0,180.0,4.0,3.0,0.0,Jakarta Barat
2900000000.0,120.0,120.0,3.0,3.0,0.0,Jakarta Barat
5400000000.0,250.0,180.0,4.0,3.0,0.0,Jakarta Barat
3200000000.0,156.0,128.0,3.0,4.0,0.0,Jakarta Barat
2200000000.0,100.0,90.0,3.0,2.0,0.0,Jakarta Barat
2400000000.0,120.0,90.0,3.0,3.0,0.0,Jakarta Barat
3000000000.0,156.0,108.0,3.0,3.0,0.0,Jakarta Barat
4300000000.0,200.0,144.0,3.0,3.0,0.0,Jakarta Barat
2700000000.0,120.0,90.0,2.0,3.0,0.0,Jakarta Barat
2400000000.0,110.0,90.0,3.0,3.0,0.0,Jakarta Barat
3950000000.0,200.0,162.0,3.0,3.0,0.0,Jakarta Barat
3300000000.0,147.0,144.0,4.0,3.0,0.0,Jakarta Barat
3300000000.0,147.0,144.0,3.0,4.0,0.0,Jakarta Barat
3100000000.0,211.0,200.0,3.0,2.0,0.0,Jakarta Barat
1180000000.0,76.0,48.0,2.0,2.0,0.0,Jakarta Barat
2350000000.0,110.0,114.0,3.0,2.0,0.0,Jakarta Barat
4900000000.0,150.0,210.0,5.0,3.0,0.0,Jakarta Selatan
3200000000.0,241.0,216.0,4.0,3.0,1.0,Jakarta Selatan
1600000000.0,67.0,75.0,2.0,2.0,1.0,Jakarta Timur
2450000000.0,100.0,180.0,3.0,2.0,0.0,Jakarta Timur
2520000000.0,115.0,180.0,3.0,3.0,0.0,Jakarta Timur
1400000000.0,88.0,77.0,3.0,2.0,0.0,Jakarta Timur
2520000000.0,115.0,180.0,3.0,3.0,0.0,Jakarta Timur
1400000000.0,88.0,77.0,3.0,2.0,0.0,Jakarta Timur
2520000000.0,115.0,180.0,3.0,3.0,2.0,Jakarta Timur
2000000000.0,85.0,105.0,3.0,2.0,0.0,Jakarta Timur
1550000000.0,74.0,69.0,3.0,3.0,0.0,Jakarta Timur
2600000000.0,112.0,112.0,3.0,3.0,0.0,Jakarta Timur
1700000000.0,60.0,85.0,2.0,2.0,1.0,Jakarta Timur
1050000000.0,90.0,75.0,3.0,2.0,2.0,Jakarta Timur
2350000000.0,93.0,90.0,2.0,2.0,1.0,Jakarta Timur
2540000000.0,115.0,98.0,3.0,4.0,0.0,Jakarta Timur
2000000000.0,105.0,105.0,3.0,2.0,0.0,Jakarta Timur
4100000000.0,220.0,110.0,3.0,3.0,1.0,Jakarta Selatan
2600000000.0,200.0,150.0,4.0,2.0,0.0,Jakarta Selatan
6250000000.0,175.0,212.0,3.0,2.0,0.0,Jakarta Selatan
6600000000.0,320.0,204.0,4.0,2.0,1.0,Jakarta Selatan
5200000000.0,255.0,163.0,5.0,5.0,1.0,Jakarta Selatan
6800000000.0,250.0,200.0,4.0,3.0,0.0,Jakarta Selatan
3200000000.0,280.0,240.0,3.0,3.0,0.0,Jakarta Selatan
2520000000.0,200.0,150.0,4.0,3.0,1.0,Jakarta Selatan
506000000.0,43.0,23.0,2.0,2.0,0.0,Jakarta Pusat
1470000000.0,68.0,36.0,3.0,2.0,0.0,Jakarta Pusat
3800000000.0,250.0,163.0,3.0,3.0,1.0,Jakarta Pusat
1300000000.0,64.0,36.0,3.0,2.0,1.0,Jakarta Pusat
506000000.0,43.0,23.0,2.0,2.0,0.0,Jakarta Pusat
1470000000.0,68.0,36.0,3.0,2.0,0.0,Jakarta Pusat
1480000000.0,69.0,36.0,2.0,2.0,1.0,Jakarta Pusat
4800000000.0,200.0,144.0,3.0,3.0,1.0,Jakarta Barat
6200000000.0,300.0,144.0,4.0,3.0,2.0,Jakarta Barat
4900000000.0,220.0,144.0,3.0,3.0,0.0,Jakarta Barat
7190000000.0,250.0,180.0,5.0,3.0,2.0,Jakarta Barat
3990000000.0,200.0,136.0,4.0,3.0,1.0,Jakarta Barat
5100000000.0,240.0,160.0,4.0,3.0,2.0,Jakarta Barat
5200000000.0,200.0,150.0,3.0,3.0,2.0,Jakarta Barat
4900000000.0,250.0,144.0,3.0,2.0,2.0,Jakarta Barat
4600000000.0,200.0,200.0,4.0,2.0,0.0,Jakarta Barat
4850000000.0,300.0,144.0,5.0,4.0,0.0,Jakarta Barat
5200000000.0,300.0,200.0,4.0,4.0,1.0,Jakarta Barat
3990000000.0,200.0,136.0,3.0,3.0,1.0,Jakarta Barat
5000000000.0,250.0,144.0,4.0,3.0,2.0,Jakarta Barat
4850000000.0,300.0,144.0,4.0,4.0,0.0,Jakarta Barat
3990000000.0,180.0,136.0,4.0,3.0,1.0,Jakarta Barat
4500000000.0,250.0,144.0,5.0,3.0,0.0,Jakarta Barat
800000000.0,71.0,52.0,3.0,3.0,1.0,Jakarta Barat
1150000000.0,62.0,33.0,2.0,2.0,1.0,Jakarta Barat
1150000000.0,62.0,33.0,2.0,3.0,1.0,Jakarta Barat
1500000000.0,71.0,40.0,2.0,2.0,0.0,Jakarta Barat
2400000000.0,108.0,90.0,3.0,2.0,0.0,Jakarta Barat
2400000000.0,108.0,90.0,3.0,2.0,0.0,Jakarta Barat
4700000000.0,250.0,150.0,4.0,4.0,2.0,Jakarta Barat
3390000000.0,200.0,120.0,4.0,4.0,0.0,Jakarta Barat
4700000000.0,280.0,150.0,4.0,3.0,2.0,Jakarta Barat
3500000000.0,160.0,120.0,3.0,2.0,2.0,Jakarta Barat
3350000000.0,200.0,120.0,4.0,3.0,0.0,Jakarta Barat
3800000000.0,208.0,144.0,4.0,3.0,1.0,Jakarta Barat
1270000000.0,100.0,33.0,3.0,3.0,0.0,Jakarta Barat
1450000000.0,120.0,55.0,3.0,2.0,0.0,Jakarta Barat
1800000000.0,105.0,56.0,2.0,2.0,0.0,Jakarta Barat
4500000000.0,240.0,120.0,4.0,4.0,0.0,Jakarta Utara
5500000000.0,250.0,144.0,4.0,3.0,0.0,Jakarta Barat
2600000000.0,135.0,100.0,3.0,3.0,0.0,Jakarta Timur
3300000000.0,200.0,135.0,3.0,2.0,0.0,Jakarta Timur
2500000000.0,135.0,90.0,4.0,4.0,0.0,Jakarta Timur
709000000.0,57.0,37.0,3.0,3.0,1.0,Jakarta Timur
2600000000.0,135.0,100.0,3.0,3.0,0.0,Jakarta Timur
709000000.0,57.0,37.0,3.0,3.0,1.0,Jakarta Timur
2100000000.0,88.0,132.0,3.0,2.0,0.0,Jakarta Timur
2600000000.0,130.0,100.0,3.0,3.0,0.0,Jakarta Timur
2000000000.0,87.0,56.0,3.0,3.0,0.0,Jakarta Timur
1080000000.0,69.0,35.0,2.0,2.0,0.0,Jakarta Timur
3000000000.0,230.0,179.0,4.0,3.0,0.0,Jakarta Timur
1270000000.0,66.0,36.0,3.0,3.0,1.0,Jakarta Timur
3100000000.0,180.0,210.0,3.0,3.0,0.0,Jakarta Timur
5900000000.0,240.0,180.0,4.0,3.0,0.0,Jakarta Utara
7000000000.0,168.0,120.0,3.0,3.0,0.0,Jakarta Utara
440000000.0,42.0,21.0,2.0,2.0,0.0,Jakarta Utara
5600000000.0,225.0,220.0,3.0,2.0,0.0,Jakarta Utara
640000000.0,60.0,36.0,2.0,2.0,0.0,Jakarta Timur
2090000000.0,90.0,58.0,2.0,3.0,2.0,Jakarta Timur
1140000000.0,71.0,36.0,3.0,3.0,0.0,Jakarta Timur
2090000000.0,90.0,76.0,3.0,3.0,0.0,Jakarta Timur
935000000.0,90.0,44.0,2.0,2.0,1.0,Jakarta Timur
1140000000.0,71.0,36.0,2.0,2.0,1.0,Jakarta Timur
4550000000.0,180.0,153.0,5.0,4.0,2.0,Jakarta Timur
1880000000.0,300.0,160.0,5.0,3.0,1.0,Jakarta Barat
780000000.0,68.0,37.0,3.0,3.0,0.0,Jakarta Timur
780000000.0,68.0,37.0,3.0,3.0,0.0,Jakarta Timur
858000000.0,63.0,39.0,3.0,3.0,0.0,Jakarta Timur
780000000.0,68.0,37.0,3.0,3.0,0.0,Jakarta Timur
1900000000.0,87.0,56.0,3.0,3.0,1.0,Jakarta Timur
1100000000.0,56.0,39.0,2.0,2.0,0.0,Jakarta Timur
858000000.0,63.0,39.0,3.0,3.0,0.0,Jakarta Timur
783000000.0,63.0,32.0,2.0,2.0,0.0,Jakarta Timur
859000000.0,63.0,39.0,2.0,2.0,0.0,Jakarta Timur
443000000.0,37.0,19.0,2.0,2.0,0.0,Jakarta Timur
780000000.0,60.0,33.0,2.0,2.0,1.0,Jakarta Timur
4650000000.0,288.0,120.0,3.0,2.0,0.0,Jakarta Selatan
562000000.0,42.0,22.0,2.0,2.0,0.0,Jakarta Barat
528000000.0,42.0,22.0,2.0,2.0,0.0,Jakarta Barat
562000000.0,42.0,22.0,2.0,2.0,0.0,Jakarta Barat
528000000.0,42.0,22.0,2.0,2.0,0.0,Jakarta Barat
562000000.0,42.0,22.0,2.0,2.0,0.0,Jakarta Barat
921000000.0,67.0,34.0,3.0,3.0,1.0,Jakarta Barat
869000000.0,62.0,32.0,2.0,2.0,0.0,Jakarta Barat
998000000.0,67.0,34.0,3.0,2.0,0.0,Jakarta Barat
920000000.0,67.0,34.0,2.0,2.0,0.0,Jakarta Barat
2340000000.0,120.0,97.0,3.0,2.0,1.0,Jakarta Barat
895000000.0,66.0,34.0,2.0,2.0,1.0,Jakarta Barat
5700000000.0,225.0,190.0,3.0,3.0,0.0,Jakarta Utara
782000000.0,68.0,33.0,2.0,2.0,0.0,Jakarta Timur
782000000.0,68.0,33.0,2.0,2.0,0.0,Jakarta Timur
1000000000.0,90.0,44.0,2.0,2.0,0.0,Jakarta Timur
2200000000.0,160.0,108.0,4.0,2.0,0.0,Jakarta Timur
2520000000.0,115.0,180.0,3.0,3.0,2.0,Jakarta Timur
2000000000.0,92.0,98.0,3.0,3.0,0.0,Jakarta Timur
2000000000.0,92.0,98.0,3.0,3.0,0.0,Jakarta Timur
764000000.0,56.0,32.0,2.0,1.0,0.0,Jakarta Timur
485000000.0,37.0,25.0,2.0,2.0,0.0,Jakarta Timur
764000000.0,56.0,32.0,2.0,1.0,0.0,Jakarta Timur
485000000.0,37.0,25.0,2.0,2.0,0.0,Jakarta Timur
762000000.0,56.0,30.0,2.0,2.0,1.0,Jakarta Timur
762000000.0,56.0,30.0,2.0,2.0,1.0,Jakarta Timur
389000000.0,38.0,16.0,2.0,1.0,0.0,Jakarta Timur
625000000.0,60.0,30.0,2.0,2.0,1.0,Jakarta Timur
477000000.0,40.0,22.0,2.0,2.0,0.0,Jakarta Pusat
477000000.0,40.0,22.0,2.0,2.0,0.0,Jakarta Pusat
477000000.0,40.0,22.0,2.0,2.0,0.0,Jakarta Pusat
477000000.0,40.0,22.0,2.0,2.0,0.0,Jakarta Pusat
599000000.0,44.0,31.0,2.0,2.0,0.0,Jakarta Pusat
534000000.0,42.0,27.0,2.0,2.0,0.0,Jakarta Pusat
500000000.0,43.0,23.0,2.0,2.0,0.0,Jakarta Pusat
444000000.0,42.0,27.0,2.0,2.0,0.0,Jakarta Pusat
3000000000.0,172.0,122.0,4.0,4.0,2.0,Jakarta Selatan
1900000000.0,150.0,67.0,3.0,3.0,2.0,Jakarta Selatan
4190000000.000001,186.0,152.0,4.0,3.0,0.0,Jakarta Selatan
4190000000.000001,186.0,152.0,4.0,3.0,0.0,Jakarta Selatan
4400000000.0,186.0,162.0,4.0,3.0,1.0,Jakarta Selatan
2400000000.0,220.0,169.0,4.0,2.0,2.0,Jakarta Selatan
1900000000.0,150.0,90.0,3.0,3.0,0.0,Jakarta Selatan
2640000000.0,140.0,110.0,4.0,4.0,1.0,Jakarta Selatan
1950000000.0,150.0,92.0,3.0,3.0,0.0,Jakarta Selatan
1050000000.0,100.0,53.0,3.0,3.0,0.0,Jakarta Selatan
4800000000.0,300.0,180.0,4.0,3.0,0.0,Jakarta Selatan
2700000000.0,150.0,126.0,4.0,4.0,0.0,Jakarta Selatan
2900000000.0,170.0,116.0,4.0,4.0,0.0,Jakarta Selatan
2850000000.0,150.0,114.0,3.0,3.0,0.0,Jakarta Selatan
2550000000.0,150.0,101.0,4.0,4.0,2.0,Jakarta Selatan
595000000.0,52.0,72.0,3.0,1.0,1.0,Jakarta Selatan
1400000000.0,84.0,80.0,3.0,3.0,2.0,Jakarta Selatan
1550000000.0,130.0,94.0,3.0,3.0,0.0,Jakarta Timur
920000000.0,65.0,69.0,3.0,3.0,1.0,Jakarta Timur
3650000000.0,200.0,109.0,4.0,3.0,0.0,Jakarta Selatan
3650000000.0,126.0,104.0,3.0,2.0,1.0,Jakarta Selatan
3450000000.0,200.0,94.0,4.0,4.0,0.0,Jakarta Selatan
3450000000.0,200.0,94.0,4.0,3.0,0.0,Jakarta Selatan
3650000000.0,200.0,109.0,4.0,3.0,0.0,Jakarta Selatan
3650000000.0,142.0,127.0,3.0,3.0,0.0,Jakarta Selatan
1970000000.0,120.0,79.0,3.0,3.0,0.0,Jakarta Selatan
5000000000.0,300.0,160.0,4.0,2.0,1.0,Jakarta Utara
4700000000.0,150.0,200.0,3.0,3.0,0.0,Jakarta Utara
451000000.0,37.0,20.0,2.0,1.0,0.0,Jakarta Pusat
568000000.0,40.0,21.0,2.0,1.0,0.0,Jakarta Pusat
700000000.0,70.0,62.0,3.0,2.0,1.0,Jakarta Timur
1280000000.0,80.0,85.0,3.0,2.0,2.0,Jakarta Timur
900000000.0,69.0,74.0,3.0,2.0,2.0,Jakarta Timur
3600000000.0,150.0,120.0,3.0,3.0,1.0,Jakarta Barat
3750000000.0,270.0,220.0,4.0,4.0,0.0,Jakarta Barat
3700000000.0,131.0,120.0,3.0,3.0,0.0,Jakarta Barat
3000000000.0,120.0,206.0,5.0,2.0,2.0,Jakarta Timur
3200000000.0,231.0,216.0,4.0,4.0,1.0,Jakarta Timur
2700000000.0,250.0,171.0,3.0,3.0,1.0,Jakarta Timur
2400000000.0,150.0,106.0,3.0,3.0,0.0,Jakarta Timur
2520000000.0,115.0,180.0,3.0,3.0,2.0,Jakarta Timur
1500000000.0,110.0,66.0,3.0,2.0,0.0,Jakarta Timur
2340000000.0,120.0,97.0,3.0,2.0,1.0,Jakarta Barat
1100000000.0,100.0,78.0,2.0,1.0,0.0,Jakarta Barat
1900000000.0,135.0,65.0,3.0,3.0,0.0,Jakarta Barat
1100000000.0,50.0,68.0,3.0,1.0,0.0,Jakarta Barat
1500000000.0,120.0,42.0,4.0,3.0,0.0,Jakarta Barat
1450000000.0,120.0,90.0,3.0,2.0,0.0,Jakarta Barat
4500000000.0,275.0,128.0,4.0,3.0,0.0,Jakarta Barat
4600000000.0,200.0,150.0,3.0,3.0,2.0,Jakarta Barat
5000000000.0,250.0,240.0,4.0,3.0,0.0,Jakarta Barat
1500000000.0,100.0,72.0,3.0,2.0,0.0,Jakarta Barat
4200000000.0,240.0,160.0,2.0,3.0,0.0,Jakarta Barat
1600000000.0,70.0,90.0,3.0,2.0,0.0,Jakarta Barat
525000000.0,44.0,24.0,2.0,1.0,0.0,Jakarta Utara
475000000.0,33.0,21.0,2.0,1.0,0.0,Jakarta Utara
477000000.0,40.0,22.0,2.0,2.0,0.0,Jakarta Pusat
477000000.0,40.0,22.0,2.0,2.0,0.0,Jakarta Pusat
2750000000.0,220.0,144.0,5.0,3.0,0.0,Jakarta Barat
2750000000.0,220.0,144.0,5.0,3.0,0.0,Jakarta Barat
2500000000.0,150.0,74.0,3.0,3.0,0.0,Jakarta Timur
1300000000.0,60.0,71.0,3.0,2.0,0.0,Jakarta Timur
1100000000.0,65.0,55.0,2.0,2.0,0.0,Jakarta Barat
1500000000.0,180.0,133.0,4.0,2.0,0.0,Jakarta Selatan
2550000000.0,125.0,145.0,4.0,3.0,2.0,Jakarta Timur
2050000000.0,100.0,90.0,3.0,2.0,0.0,Jakarta Barat
725000000.0,64.0,34.0,2.0,2.0,0.0,Jakarta Utara
1050000000.0,70.0,56.0,3.0,2.0,0.0,Jakarta Timur
1050000000.0,70.0,56.0,3.0,2.0,0.0,Jakarta Timur
919000000.0,60.0,69.0,3.0,2.0,0.0,Jakarta Timur
1500000000.0,90.0,45.0,2.0,3.0,0.0,Jakarta Barat
2300000000.0,220.0,110.0,2.0,3.0,0.0,Jakarta Barat
3200000000.0,215.0,96.0,5.0,4.0,0.0,Jakarta Barat
2500000000.0,146.0,150.0,3.0,2.0,1.0,Jakarta Barat
3800000000.0,156.0,196.0,3.0,2.0,0.0,Jakarta Barat
3480000000.0,200.0,144.0,4.0,3.0,1.0,Jakarta Barat
3950000000.0,250.0,208.0,4.0,3.0,0.0,Jakarta Selatan
4500000000.0,200.0,162.0,4.0,3.0,1.0,Jakarta Barat
3800000000.0,188.0,248.0,3.0,3.0,1.0,Jakarta Barat
2500000000.0,150.0,105.0,3.0,3.0,2.0,Jakarta Barat
3770000000.0,120.0,121.0,3.0,1.0,0.0,Jakarta Selatan
885000000.0,96.0,48.0,4.0,1.0,0.0,Jakarta Barat
3800000000.0,170.0,119.0,13.0,15.0,0.0,Jakarta Barat
2600000000.0,220.0,77.0,4.0,3.0,0.0,Jakarta Utara
2250000000.0,200.0,115.0,6.0,3.0,0.0,Jakarta Utara
3250000000.0,100.0,178.0,1.0,1.0,1.0,Jakarta Utara
3300000000.0,150.0,90.0,3.0,2.0,0.0,Jakarta Barat
1600000000.0,100.0,68.0,4.0,3.0,2.0,Jakarta Timur
2110000000.0,105.0,83.0,3.0,2.0,0.0,Jakarta Selatan
1370000000.0,160.0,120.0,4.0,2.0,0.0,Jakarta Barat
4100000000.0,220.0,108.0,4.0,4.0,1.0,Jakarta Selatan
3900000000.0,165.0,195.0,4.0,4.0,0.0,Jakarta Selatan
1550000000.0,133.0,108.0,2.0,2.0,0.0,Jakarta Timur
3800000000.0,250.0,220.0,4.0,3.0,1.0,Jakarta Barat
565000000.0,38.0,32.0,2.0,1.0,1.0,Jakarta Timur
3200000000.0,200.0,150.0,6.0,4.0,0.0,Jakarta Barat
3830000000.0,135.0,105.0,3.0,3.0,2.0,Tangerang
5860000000.0,209.0,160.0,4.0,3.0,2.0,Tangerang
3190000000.0,138.0,124.0,5.0,4.0,3.0,Tangerang
3750000000.0,150.0,200.0,5.0,3.0,0.0,Tangerang
5050000000.0,176.0,140.0,4.0,3.0,0.0,Tangerang
6940000000.0,241.0,205.0,4.0,4.0,0.0,Tangerang
4270000000.0,155.0,200.0,3.0,2.0,0.0,Tangerang
4270000000.0,155.0,200.0,3.0,2.0,0.0,Tangerang
3830000000.0,134.0,105.0,3.0,2.0,0.0,Tangerang
3190000000.0,138.0,124.0,3.0,2.0,1.0,Tangerang
3190000000.0,138.0,124.0,4.0,4.0,4.0,Tangerang
3830000000.0,134.0,105.0,3.0,3.0,0.0,Tangerang
3830000000.0,135.0,104.0,3.0,3.0,2.0,Tangerang
3830000000.0,134.0,105.0,3.0,3.0,0.0,Tangerang
5300000000.0,208.0,240.0,4.0,3.0,0.0,Tangerang
4270000000.0,155.0,200.0,5.0,4.0,4.0,Tangerang
5050000000.0,176.0,140.0,4.0,4.0,0.0,Tangerang
3830000000.0,134.0,105.0,4.0,4.0,0.0,Tangerang
6660000000.0,277.0,144.0,5.0,4.0,2.0,Tangerang
3830000000.0,134.0,105.0,3.0,3.0,2.0,Tangerang
5860000000.0,209.0,160.0,4.0,3.0,0.0,Tangerang
5050000000.0,176.0,140.0,4.0,3.0,2.0,Tangerang
5860000000.0,209.0,160.0,4.0,3.0,2.0,Tangerang
5050000000.0,176.0,140.0,4.0,3.0,2.0,Tangerang
5860000000.0,209.0,160.0,5.0,4.0,4.0,Tangerang
3830000000.0,134.0,105.0,4.0,3.0,0.0,Tangerang
5050000000.0,176.0,140.0,5.0,4.0,3.0,Tangerang
3830000000.0,134.0,105.0,4.0,4.0,0.0,Tangerang
4440000000.0,195.0,108.0,5.0,6.0,2.0,Tangerang
4270000000.0,155.0,200.0,4.0,3.0,2.0,Tangerang
3830000000.0,135.0,105.0,3.0,3.0,2.0,Tangerang
1320000000.0,170.0,91.0,6.0,2.0,1.0,Tangerang
5860000000.0,209.0,160.0,4.0,4.0,2.0,Tangerang
3830000000.0,135.0,105.0,3.0,3.0,2.0,Tangerang
5050000000.0,176.0,140.0,4.0,3.0,2.0,Tangerang
3830000000.0,134.0,105.0,3.0,2.0,0.0,Tangerang
5050000000.0,176.0,140.0,4.0,3.0,0.0,Tangerang
5860000000.0,209.0,160.0,4.0,3.0,0.0,Tangerang
1200000000.0,63.0,50.0,2.0,1.0,0.0,Tangerang
6630000000.0,241.0,205.0,4.0,4.0,0.0,Tangerang
4980000000.0,193.0,200.0,5.0,4.0,4.0,Tangerang
3190000000.0,138.0,128.0,3.0,2.0,2.0,Tangerang
4270000000.0,155.0,200.0,6.0,7.0,2.0,Tangerang
5860000000.0,209.0,160.0,4.0,3.0,2.0,Tangerang
3830000000.0,134.0,105.0,2.0,2.0,0.0,Tangerang
3830000000.0,135.0,105.0,3.0,3.0,0.0,Tangerang
1200000000.0,80.0,80.0,3.0,2.0,0.0,Tangerang
1320000000.0,170.0,91.0,6.0,2.0,1.0,Tangerang
1800000000.0,180.0,144.0,3.0,2.0,1.0,Tangerang
1530000000.0,95.0,90.0,2.0,2.0,0.0,Tangerang
6660000000.0,277.0,144.0,5.0,4.0,0.0,Tangerang
2690000000.0,110.0,170.0,3.0,2.0,1.0,Tangerang
3190000000.0,138.0,124.0,3.0,2.0,2.0,Tangerang
3500000000.0,200.0,144.0,3.0,3.0,0.0,Tangerang
2600000000.0,177.0,117.0,4.0,3.0,0.0,Tangerang
3830000000.0,134.0,105.0,3.0,3.0,0.0,Tangerang
4980000000.0,193.0,200.0,4.0,3.0,0.0,Tangerang
4270000000.0,155.0,200.0,4.0,3.0,0.0,Tangerang
5350000000.0,231.0,126.0,6.0,6.0,2.0,Tangerang
6660000000.0,277.0,144.0,5.0,4.0,2.0,Tangerang
2800000000.0,270.0,157.0,4.0,4.0,1.0,Tangerang
4440000000.0,195.0,108.0,4.0,3.0,2.0,Tangerang
4440000000.0,195.0,108.0,5.0,4.0,4.0,Tangerang
6660000000.0,277.0,144.0,5.0,4.0,2.0,Tangerang
3830000000.0,135.0,105.0,5.0,4.0,4.0,Tangerang
1860000000.0,100.0,144.0,3.0,3.0,1.0,Tangerang
1680000000.0,67.0,76.0,3.0,2.0,1.0,Tangerang
3190000000.0,138.0,124.0,3.0,2.0,0.0,Tangerang
4270000000.0,155.0,200.0,4.0,3.0,1.0,Tangerang
3760000000.0,134.0,105.0,3.0,3.0,0.0,Tangerang
960000000.0,90.0,103.0,3.0,1.0,1.0,Tangerang
5050000000.0,176.0,140.0,4.0,3.0,2.0,Tangerang
6660000000.0,277.0,144.0,5.0,4.0,2.0,Tangerang
3710000000.0,134.0,105.0,5.0,4.0,2.0,Tangerang
3190000000.0,138.0,124.0,4.0,4.0,3.0,Tangerang
5100000000.0,183.0,205.0,4.0,5.0,5.0,Tangerang
3250000000.0,160.0,200.0,3.0,2.0,0.0,Tangerang
6650000000.0,250.0,200.0,4.0,4.0,0.0,Tangerang
5350000000.0,231.0,126.0,4.0,3.0,2.0,Tangerang
6660000000.0,277.0,144.0,5.0,4.0,2.0,Tangerang
3830000000.0,134.0,105.0,3.0,3.0,0.0,Tangerang
4440000000.0,195.0,108.0,5.0,4.0,2.0,Tangerang
4500000000.0,240.0,200.0,4.0,3.0,0.0,Tangerang
3830000000.0,135.0,105.0,4.0,3.0,0.0,Tangerang
3190000000.0,138.0,124.0,4.0,4.0,0.0,Tangerang
3830000000.0,135.0,105.0,3.0,3.0,0.0,Tangerang
5860000000.0,209.0,160.0,4.0,3.0,0.0,Tangerang
5050000000.0,176.0,140.0,4.0,3.0,0.0,Tangerang
5000000000.0,300.0,250.0,3.0,3.0,0.0,Tangerang
2200000000.0,110.0,136.0,3.0,1.0,2.0,Tangerang
2300000000.0,125.0,102.0,3.0,2.0,0.0,Tangerang
2390000000.0,111.0,102.0,3.0,2.0,0.0,Tangerang
3200000000.0,140.0,152.0,3.0,3.0,0.0,Tangerang
3800000000.0,180.0,250.0,4.0,2.0,0.0,Tangerang
2960000000.0,116.0,96.0,4.0,3.0,0.0,Tangerang
5050000000.0,176.0,140.0,4.0,3.0,2.0,Tangerang
7100000000.0,283.0,216.0,4.0,3.0,1.0,Tangerang
2700000000.0,128.0,84.0,3.0,3.0,2.0,Tangerang
1440000000.0,110.0,96.0,4.0,2.0,1.0,Tangerang
2400000000.0,200.0,161.0,3.0,2.0,1.0,Tangerang
7100000000.0,230.0,214.0,4.0,3.0,1.0,Tangerang
1060000000.0,151.0,106.0,4.0,3.0,1.0,Tangerang
2220000000.0,130.0,120.0,3.0,3.0,1.0,Tangerang
889000000.0,41.0,72.0,2.0,1.0,1.0,Tangerang
1440000000.0,110.0,96.0,4.0,2.0,1.0,Tangerang
4800000000.0,217.0,180.0,3.0,3.0,0.0,Tangerang
4800000000.0,257.0,180.0,3.0,3.0,0.0,Tangerang
1440000000.0,102.0,120.0,2.0,2.0,1.0,Tangerang
1320000000.0,170.0,91.0,6.0,2.0,1.0,Tangerang
650000000.0,36.0,72.0,2.0,1.0,0.0,Tangerang
6930000000.0,283.0,216.0,4.0,4.0,0.0,Tangerang
2320000000.0,126.0,120.0,5.0,4.0,2.0,Tangerang
2220000000.0,130.0,120.0,3.0,3.0,1.0,Tangerang
1020000000.0,65.0,90.0,2.0,1.0,1.0,Tangerang
2600000000.0,123.0,119.0,4.0,3.0,0.0,Tangerang
3300000000.0,154.0,162.0,4.0,3.0,1.0,Tangerang
3500000000.0,178.0,238.0,4.0,3.0,0.0,Tangerang
2500000000.0,114.0,105.0,3.0,2.0,1.0,Tangerang
4300000000.0,180.0,249.0,3.0,3.0,2.0,Tangerang
5320000000.0,257.0,180.0,3.0,3.0,0.0,Tangerang
1940000000.0,102.0,80.0,3.0,2.0,2.0,Tangerang
3100000000.0,129.0,128.0,3.0,3.0,0.0,Tangerang
4900000000.0,217.0,180.0,3.0,4.0,2.0,Tangerang
2550000000.0,168.0,135.0,4.0,3.0,0.0,Tangerang
2300000000.0,135.0,136.0,3.0,3.0,1.0,Tangerang
1200000000.0,120.0,72.0,3.0,3.0,0.0,Tangerang
3700000000.0,135.0,233.0,3.0,2.0,1.0,Tangerang
3800000000.0,180.0,182.0,4.0,4.0,1.0,Tangerang
2600000000.0,200.0,136.0,4.0,3.0,0.0,Tangerang
1950000000.0,107.0,105.0,3.0,2.0,0.0,Tangerang
1550000000.0,65.0,90.0,3.0,2.0,0.0,Tangerang
1280000000.0,60.0,52.0,3.0,2.0,0.0,Tangerang
1600000000.0,84.0,72.0,3.0,2.0,0.0,Tangerang
2800000000.0,225.0,152.0,4.0,4.0,0.0,Tangerang
2950000000.0,159.0,162.0,3.0,2.0,1.0,Tangerang
4540000000.0,196.0,153.0,4.0,3.0,1.0,Tangerang
2900000000.0,200.0,136.0,4.0,2.0,0.0,Tangerang
3550000000.0,160.0,128.0,4.0,3.0,1.0,Tangerang
2000000000.0,105.0,108.0,3.0,3.0,0.0,Tangerang
3400000000.0,116.0,120.0,3.0,3.0,0.0,Tangerang
1850000000.0,77.0,72.0,3.0,2.0,0.0,Tangerang
2960000000.0,116.0,96.0,4.0,3.0,0.0,Tangerang
2190000000.0,80.0,102.0,3.0,3.0,2.0,Tangerang
4100000000.0,200.0,128.0,3.0,3.0,0.0,Tangerang
3300000000.0,153.0,252.0,3.0,3.0,1.0,Tangerang
2000000000.0,90.0,84.0,3.0,2.0,0.0,Tangerang
1940000000.0,102.0,80.0,3.0,3.0,0.0,Tangerang
2270000000.0,120.0,96.0,3.0,3.0,0.0,Tangerang
1400000000.0,63.0,48.0,2.0,2.0,0.0,Tangerang
3450000000.0,130.0,128.0,4.0,3.0,0.0,Tangerang
3300000000.0,164.0,144.0,3.0,3.0,0.0,Tangerang
3800000000.0,182.0,162.0,4.0,3.0,0.0,Tangerang
2450000000.0,240.0,160.0,3.0,3.0,0.0,Tangerang
4900000000.0,217.0,180.0,3.0,3.0,0.0,Tangerang
3100000000.0,129.0,128.0,3.0,3.0,0.0,Tangerang
3500000000.0,160.0,128.0,4.0,3.0,1.0,Tangerang
5280000000.0,212.0,170.0,4.0,3.0,0.0,Tangerang
2600000000.0,140.0,154.0,3.0,3.0,0.0,Tangerang
2200000000.0,148.0,157.0,4.0,4.0,0.0,Tangerang
3000000000.0,250.0,192.0,3.0,3.0,0.0,Tangerang
5100000000.0,257.0,180.0,3.0,3.0,0.0,Tangerang
1460000000.0,63.0,48.0,2.0,2.0,0.0,Tangerang
6930000000.0,283.0,216.0,4.0,3.0,1.0,Tangerang
1950000000.0,150.0,96.0,3.0,3.0,0.0,Tangerang
1950000000.0,150.0,96.0,3.0,3.0,0.0,Tangerang
3500000000.0,212.0,144.0,4.0,3.0,0.0,Tangerang
900000000.0,60.0,90.0,2.0,1.0,0.0,Tangerang
2600000000.0,200.0,136.0,4.0,3.0,0.0,Tangerang
755000000.0,60.0,78.0,3.0,2.0,0.0,Tangerang
785000000.0,60.0,85.0,3.0,2.0,0.0,Tangerang
3550000000.0,160.0,128.0,4.0,3.0,0.0,Tangerang
2600000000.0,168.0,135.0,4.0,3.0,0.0,Tangerang
3600000000.0,178.0,238.0,4.0,4.0,0.0,Tangerang
4500000000.0,300.0,216.0,4.0,4.0,1.0,Tangerang
2600000000.0,200.0,136.0,3.0,3.0,2.0,Tangerang
3650000000.0,106.0,202.0,3.0,2.0,0.0,Tangerang
1200000000.0,65.0,48.0,2.0,2.0,0.0,Tangerang
2100000000.0,97.0,119.0,3.0,2.0,0.0,Tangerang
2720000000.0,250.0,144.0,3.0,2.0,1.0,Tangerang
2960000000.0,116.0,96.0,4.0,3.0,0.0,Tangerang
5050000000.0,176.0,140.0,4.0,3.0,2.0,Tangerang
5500000000.0,180.0,200.0,4.0,4.0,0.0,Tangerang
3120000000.0,144.0,128.0,3.0,3.0,1.0,Tangerang
2700000000.0,126.0,84.0,3.0,3.0,0.0,Tangerang
1020000000.0,90.0,32.0,4.0,2.0,0.0,Tangerang
4000000000.0,183.0,128.0,4.0,4.0,0.0,Tangerang
7400000000.0,285.0,220.0,4.0,3.0,2.0,Tangerang
1250000000.0,65.0,90.0,3.0,2.0,1.0,Tangerang
1200000000.0,71.0,72.0,2.0,2.0,1.0,Tangerang
3840000000.0,181.0,185.0,4.0,4.0,1.0,Tangerang
2800000000.0,270.0,157.0,4.0,4.0,1.0,Tangerang
1000000000.0,83.0,63.0,3.0,3.0,2.0,Tangerang
1700000000.0,73.0,60.0,3.0,2.0,0.0,Tangerang
1300000000.0,45.0,48.0,2.0,1.0,1.0,Tangerang
1800000000.0,78.0,70.0,3.0,2.0,1.0,Tangerang
599000000.0,50.0,70.0,3.0,2.0,2.0,Tangerang
3000000000.0,112.0,108.0,3.0,2.0,0.0,Tangerang
3000000000.0,120.0,72.0,3.0,2.0,0.0,Tangerang
2150000000.0,130.0,98.0,3.0,2.0,0.0,Tangerang
1450000000.0,68.0,50.0,3.0,2.0,0.0,Tangerang
4100000000.0,200.0,235.0,3.0,3.0,0.0,Tangerang
1600000000.0,78.0,60.0,4.0,2.0,0.0,Tangerang
3500000000.0,135.0,120.0,4.0,3.0,0.0,Tangerang
1850000000.0,78.0,70.0,3.0,2.0,0.0,Tangerang
1580000000.0,80.0,105.0,2.0,1.0,0.0,Tangerang
1000000000.0,65.0,64.0,2.0,2.0,0.0,Tangerang
900000000.0,60.0,53.0,2.0,2.0,0.0,Tangerang
3100000000.0,182.0,181.0,3.0,3.0,1.0,Tangerang
4200000000.0,190.0,150.0,4.0,3.0,3.0,Tangerang
1700000000.0,67.0,60.0,2.0,2.0,1.0,Tangerang
1490000000.0,70.0,50.0,3.0,2.0,1.0,Tangerang
3300000000.0,120.0,225.0,3.0,3.0,1.0,Tangerang
1300000000.0,90.0,32.0,4.0,2.0,0.0,Tangerang
3300000000.0,143.0,237.0,3.0,3.0,0.0,Tangerang
2700000000.0,280.0,206.0,5.0,4.0,1.0,Tangerang
800000000.0,65.0,60.0,3.0,2.0,0.0,Tangerang
2500000000.0,88.0,98.0,3.0,3.0,0.0,Tangerang
2190000000.0,86.0,66.0,3.0,3.0,0.0,Tangerang
5080000000.0,147.0,153.0,4.0,4.0,0.0,Tangerang
1900000000.0,100.0,98.0,3.0,2.0,0.0,Tangerang
2600000000.0,180.0,136.0,4.0,3.0,0.0,Tangerang
1200000000.0,80.0,112.0,3.0,2.0,0.0,Tangerang
1400000000.0,45.0,60.0,2.0,2.0,2.0,Tangerang
5000000000.0,200.0,241.0,5.0,4.0,0.0,Tangerang
3500000000.0,171.0,135.0,4.0,4.0,0.0,Tangerang
2100000000.0,130.0,107.0,3.0,3.0,0.0,Tangerang
3500000000.0,135.0,120.0,4.0,4.0,0.0,Tangerang
1750000000.0,68.0,90.0,3.0,2.0,0.0,Tangerang
785000000.0,60.0,85.0,3.0,2.0,0.0,Tangerang
888000000.0,66.0,60.0,3.0,2.0,1.0,Tangerang
1750000000.0,85.0,77.0,3.0,2.0,0.0,Tangerang
2700000000.0,126.0,84.0,3.0,3.0,0.0,Tangerang
1650000000.0,73.0,60.0,2.0,2.0,0.0,Tangerang
2500000000.0,138.0,96.0,3.0,4.0,0.0,Tangerang
1580000000.0,80.0,105.0,2.0,1.0,0.0,Tangerang
4500000000.0,220.0,187.0,4.0,3.0,0.0,Tangerang
2100000000.0,79.0,119.0,3.0,2.0,0.0,Tangerang
3700000000.0,175.0,200.0,3.0,3.0,1.0,Tangerang
2400000000.0,100.0,128.0,3.0,3.0,0.0,Tangerang
3500000000.0,180.0,144.0,3.0,3.0,0.0,Tangerang
2200000000.0,195.0,188.0,3.0,2.0,1.0,Tangerang
2900000000.0,290.0,200.0,6.0,4.0,0.0,Tangerang
1300000000.0,70.0,84.0,3.0,1.0,0.0,Tangerang
2950000000.0,230.0,150.0,3.0,3.0,1.0,Tangerang
2900000000.0,290.0,200.0,6.0,4.0,0.0,Tangerang
1500000000.0,80.0,72.0,2.0,2.0,0.0,Tangerang
3200000000.0,180.0,160.0,4.0,2.0,0.0,Tangerang
2850000000.0,120.0,162.0,5.0,4.0,0.0,Tangerang
2990000000.0,250.0,144.0,4.0,3.0,0.0,Tangerang
3300000000.0,290.0,176.0,4.0,1.0,1.0,Tangerang
2000000000.0,100.0,96.0,2.0,2.0,0.0,Tangerang
3750000000.0,278.0,163.0,4.0,4.0,0.0,Tangerang
2790000000.0,275.0,144.0,3.0,2.0,0.0,Tangerang
2500000000.0,200.0,160.0,3.0,3.0,0.0,Tangerang
850000000.0,66.0,90.0,3.0,2.0,2.0,Tangerang
630000000.0,40.0,72.0,2.0,2.0,1.0,Tangerang
960000000.0,62.0,119.0,2.0,1.0,1.0,Tangerang
1060000000.0,74.0,119.0,3.0,2.0,1.0,Tangerang
1440000000.0,100.0,164.0,4.0,2.0,1.0,Tangerang
525000000.0,60.0,72.0,3.0,1.0,0.0,Tangerang
1300000000.0,180.0,120.0,4.0,2.0,0.0,Tangerang
975000000.0,150.0,100.0,3.0,2.0,0.0,Tangerang
1750000000.0,150.0,200.0,3.0,2.0,0.0,Tangerang
899000000.0,93.0,136.0,3.0,1.0,1.0,Tangerang
660000000.0,41.0,84.0,2.0,1.0,1.0,Tangerang
1250000000.0,135.0,128.0,3.0,3.0,2.0,Tangerang
630000000.0,120.0,96.0,3.0,2.0,1.0,Tangerang
385000000.0,22.0,72.0,2.0,1.0,0.0,Tangerang
771000000.0,47.0,90.0,2.0,1.0,0.0,Tangerang
1180000000.0,130.0,119.0,3.0,2.0,0.0,Tangerang
3000000000.0,150.0,150.0,3.0,2.0,0.0,Tangerang
650000000.0,108.0,108.0,2.0,2.0,0.0,Tangerang
610000000.0,75.0,90.0,3.0,2.0,0.0,Tangerang
650000000.0,75.0,90.0,2.0,1.0,0.0,Tangerang
650000000.0,75.0,90.0,2.0,1.0,0.0,Tangerang
700000000.0,36.0,72.0,2.0,1.0,0.0,Tangerang
1100000000.0,100.0,120.0,3.0,3.0,0.0,Tangerang
455000000.0,72.0,72.0,2.0,1.0,1.0,Tangerang
675000000.0,110.0,72.0,3.0,2.0,1.0,Tangerang
1350000000.0,200.0,210.0,3.0,3.0,1.0,Tangerang
685000000.0,65.0,72.0,3.0,1.0,1.0,Tangerang
610000000.0,75.0,90.0,3.0,2.0,1.0,Tangerang
2700000000.0,84.0,100.0,4.0,3.0,0.0,Tangerang
2770000000.0,126.0,84.0,3.0,3.0,0.0,Tangerang
3120000000.0,144.0,128.0,3.0,3.0,1.0,Tangerang
1360000000.0,100.0,112.0,3.0,2.0,1.0,Tangerang
2800000000.0,126.0,84.0,3.0,3.0,0.0,Tangerang
1900000000.0,86.0,66.0,3.0,3.0,0.0,Tangerang
2800000000.0,270.0,157.0,4.0,4.0,1.0,Tangerang
3120000000.0,144.0,128.0,3.0,3.0,1.0,Tangerang
1200000000.0,71.0,72.0,2.0,2.0,1.0,Tangerang
1590000000.0,126.0,90.0,4.0,3.0,1.0,Tangerang
4000000000.0,180.0,112.0,5.0,4.0,0.0,Tangerang
899000000.0,50.0,83.0,2.0,2.0,1.0,Tangerang
3200000000.0,200.0,169.0,4.0,3.0,0.0,Tangerang
1200000000.0,80.0,80.0,3.0,2.0,1.0,Tangerang
4680000000.0,195.0,250.0,3.0,3.0,1.0,Tangerang
3120000000.0,144.0,128.0,3.0,3.0,1.0,Tangerang
796000000.0,30.0,60.0,2.0,1.0,1.0,Tangerang
2700000000.0,84.0,100.0,4.0,3.0,0.0,Tangerang
1000000000.0,69.0,61.0,3.0,2.0,2.0,Tangerang
2770000000.0,126.0,84.0,4.0,3.0,0.0,Tangerang
6000000000.0,242.0,136.0,4.0,5.0,2.0,Tangerang
1900000000.0,86.0,66.0,4.0,3.0,0.0,Tangerang
2350000000.0,150.0,220.0,3.0,2.0,1.0,Tangerang
665000000.0,60.0,85.0,3.0,2.0,2.0,Tangerang
1040000000.0,83.0,63.0,3.0,3.0,0.0,Tangerang
1250000000.0,65.0,90.0,3.0,2.0,0.0,Tangerang
1430000000.0,80.0,68.0,3.0,3.0,0.0,Tangerang
3000000000.0,200.0,144.0,3.0,3.0,0.0,Tangerang
5950000000.0,242.0,136.0,4.0,5.0,0.0,Tangerang
1200000000.0,69.0,74.0,3.0,2.0,2.0,Tangerang
1500000000.0,90.0,32.0,3.0,3.0,0.0,Tangerang
1500000000.0,90.0,32.0,4.0,2.0,0.0,Tangerang
2950000000.0,230.0,153.0,3.0,3.0,0.0,Tangerang
1000000000.0,69.0,74.0,3.0,2.0,0.0,Tangerang
2770000000.0,126.0,84.0,4.0,3.0,0.0,Tangerang
1800000000.0,86.0,66.0,4.0,3.0,0.0,Tangerang
6700000000.0,275.0,153.0,4.0,5.0,1.0,Tangerang
4200000000.0,177.0,144.0,4.0,4.0,0.0,Tangerang
1420000000.0,69.0,72.0,3.0,2.0,0.0,Tangerang
4300000000.0,200.0,250.0,3.0,2.0,0.0,Tangerang
6000000000.0,240.0,136.0,4.0,4.0,0.0,Tangerang
4400000000.0,177.0,144.0,4.0,4.0,0.0,Tangerang
765000000.0,80.0,60.0,3.0,2.0,1.0,Tangerang
2850000000.0,150.0,232.0,4.0,3.0,0.0,Tangerang
655000000.0,60.0,68.0,3.0,2.0,2.0,Tangerang
2110000000.0,78.0,80.0,4.0,2.0,0.0,Tangerang
1750000000.0,68.0,90.0,3.0,2.0,0.0,Tangerang
2000000000.0,150.0,112.0,4.0,3.0,0.0,Tangerang
1750000000.0,68.0,60.0,2.0,2.0,0.0,Tangerang
2000000000.0,100.0,180.0,3.0,2.0,1.0,Tangerang
1750000000.0,85.0,77.0,3.0,2.0,0.0,Tangerang
1660000000.0,103.0,35.0,6.0,6.0,0.0,Tangerang
935000000.0,41.0,30.0,1.0,2.0,0.0,Tangerang
1800000000.0,72.0,90.0,3.0,2.0,0.0,Tangerang
655000000.0,60.0,61.0,3.0,2.0,2.0,Tangerang
1800000000.0,180.0,144.0,3.0,2.0,0.0,Tangerang
1320000000.0,170.0,91.0,6.0,2.0,0.0,Tangerang
1680000000.0,105.0,123.0,2.0,2.0,1.0,Tangerang
1860000000.0,100.0,144.0,3.0,3.0,1.0,Tangerang
1320000000.0,170.0,91.0,6.0,2.0,1.0,Tangerang
1860000000.0,100.0,144.0,3.0,3.0,1.0,Tangerang
1530000000.0,95.0,90.0,2.0,2.0,0.0,Tangerang
960000000.0,90.0,103.0,3.0,1.0,1.0,Tangerang
1800000000.0,180.0,144.0,3.0,2.0,1.0,Tangerang
1530000000.0,95.0,90.0,2.0,2.0,0.0,Tangerang
1860000000.0,100.0,144.0,3.0,3.0,1.0,Tangerang
1320000000.0,170.0,91.0,6.0,2.0,1.0,Tangerang
1800000000.0,180.0,144.0,3.0,2.0,1.0,Tangerang
1860000000.0,100.0,144.0,3.0,3.0,1.0,Tangerang
2600000000.0,177.0,117.0,4.0,3.0,0.0,Tangerang
960000000.0,90.0,103.0,3.0,1.0,1.0,Tangerang
960000000.0,90.0,103.0,3.0,1.0,1.0,Tangerang
1530000000.0,95.0,90.0,2.0,2.0,0.0,Tangerang
960000000.0,90.0,103.0,3.0,1.0,1.0,Tangerang
895000000.0,65.0,50.0,3.0,2.0,0.0,Tangerang
1680000000.0,67.0,76.0,3.0,2.0,1.0,Tangerang
2600000000.0,177.0,117.0,4.0,3.0,0.0,Tangerang
1680000000.0,67.0,76.0,3.0,2.0,1.0,Tangerang
1680000000.0,67.0,76.0,3.0,2.0,1.0,Tangerang
1680000000.0,67.0,76.0,3.0,2.0,1.0,Tangerang
1590000000.0,80.0,63.0,3.0,2.0,1.0,Tangerang
1800000000.0,180.0,144.0,3.0,2.0,1.0,Tangerang
1500000000.0,71.0,70.0,3.0,2.0,0.0,Tangerang
1200000000.0,160.0,120.0,4.0,2.0,0.0,Tangerang
1280000000.0,123.0,200.0,2.0,2.0,1.0,Tangerang
900000000.0,81.0,81.0,3.0,1.0,0.0,Tangerang
1080000000.0,65.0,60.0,2.0,2.0,0.0,Tangerang
685000000.0,60.0,64.0,3.0,2.0,0.0,Tangerang
960000000.0,62.0,119.0,2.0,1.0,0.0,Tangerang
745000000.0,46.0,102.0,2.0,1.0,0.0,Tangerang
960000000.0,62.0,119.0,2.0,1.0,1.0,Tangerang
1060000000.0,74.0,119.0,3.0,2.0,0.0,Tangerang
960000000.0,62.0,119.0,2.0,1.0,1.0,Tangerang
1060000000.0,74.0,119.0,3.0,2.0,1.0,Tangerang
960000000.0,62.0,119.0,2.0,1.0,1.0,Tangerang
1060000000.0,74.0,119.0,3.0,2.0,0.0,Tangerang
1060000000.0,74.0,119.0,3.0,2.0,0.0,Tangerang
1600000000.0,192.0,128.0,3.0,2.0,0.0,Tangerang
1050000000.0,80.0,140.0,3.0,2.0,1.0,Tangerang
2750000000.0,214.0,180.0,4.0,4.0,0.0,Tangerang
2800000000.0,190.0,160.0,4.0,3.0,0.0,Tangerang
1800000000.0,142.0,180.0,3.0,3.0,2.0,Tangerang
1800000000.0,142.0,180.0,3.0,3.0,0.0,Tangerang
1020000000.0,54.0,84.0,2.0,2.0,0.0,Tangerang
1020000000.0,54.0,84.0,2.0,2.0,1.0,Tangerang
1020000000.0,54.0,84.0,2.0,2.0,1.0,Tangerang
750000000.0,57.0,72.0,3.0,1.0,0.0,Tangerang
1020000000.0,54.0,84.0,2.0,2.0,1.0,Tangerang
1020000000.0,54.0,84.0,2.0,2.0,1.0,Tangerang
1020000000.0,54.0,84.0,2.0,2.0,1.0,Tangerang
1020000000.0,54.0,84.0,2.0,2.0,1.0,Tangerang
969000000.0,51.0,60.0,3.0,2.0,0.0,Tangerang
755000000.0,60.0,78.0,3.0,2.0,0.0,Tangerang
800000000.0,70.0,60.0,3.0,2.0,2.0,Tangerang
3300000000.0,120.0,225.0,3.0,3.0,0.0,Tangerang
1060000000.0,151.0,106.0,4.0,3.0,1.0,Tangerang
500000000.0,50.0,72.0,2.0,1.0,1.0,Tangerang
500000000.0,36.0,60.0,2.0,1.0,0.0,Tangerang
650000000.0,36.0,72.0,2.0,1.0,0.0,Tangerang
500000000.0,36.0,60.0,2.0,1.0,0.0,Tangerang
1060000000.0,151.0,106.0,4.0,3.0,1.0,Tangerang
500000000.0,36.0,60.0,2.0,1.0,0.0,Tangerang
1060000000.0,151.0,106.0,4.0,3.0,1.0,Tangerang
650000000.0,36.0,72.0,2.0,1.0,0.0,Tangerang
1440000000.0,100.0,164.0,4.0,1.0,1.0,Tangerang
954000000.0,83.0,72.0,4.0,2.0,0.0,Tangerang
889000000.0,41.0,72.0,2.0,1.0,0.0,Tangerang
1500000000.0,120.0,72.0,3.0,2.0,0.0,Tangerang
1300000000.0,200.0,108.0,5.0,3.0,0.0,Tangerang
800000000.0,67.0,72.0,3.0,2.0,0.0,Tangerang
625000000.0,45.0,72.0,2.0,1.0,0.0,Tangerang
832000000.0,78.0,72.0,4.0,2.0,1.0,Tangerang
648000000.0,39.0,72.0,2.0,1.0,0.0,Tangerang
720000000.0,39.0,72.0,2.0,1.0,0.0,Tangerang
843000000.0,54.0,72.0,2.0,2.0,1.0,Tangerang
600000000.0,40.0,89.0,2.0,1.0,0.0,Tangerang
1400000000.0,70.0,120.0,3.0,2.0,0.0,Tangerang
3120000000.0,144.0,128.0,3.0,3.0,1.0,Tangerang
7400000000.0,285.0,220.0,4.0,4.0,2.0,Tangerang
2400000000.0,200.0,161.0,3.0,2.0,1.0,Tangerang
2400000000.0,200.0,161.0,3.0,2.0,1.0,Tangerang
3120000000.0,144.0,128.0,3.0,3.0,1.0,Tangerang
2400000000.0,200.0,161.0,3.0,2.0,1.0,Tangerang
2400000000.0,200.0,161.0,3.0,2.0,1.0,Tangerang
828000000.0,62.0,60.0,3.0,2.0,1.0,Tangerang
3300000000.0,120.0,225.0,3.0,3.0,0.0,Tangerang
826000000.0,47.0,84.0,3.0,2.0,1.0,Tangerang
679000000.0,36.0,72.0,2.0,1.0,1.0,Tangerang
1440000000.0,110.0,96.0,4.0,2.0,1.0,Tangerang
1020000000.0,65.0,90.0,2.0,1.0,1.0,Tangerang
660000000.0,72.0,60.0,3.0,2.0,0.0,Tangerang
660000000.0,72.0,60.0,3.0,2.0,0.0,Tangerang
1440000000.0,102.0,120.0,2.0,2.0,1.0,Tangerang
1020000000.0,65.0,90.0,2.0,1.0,1.0,Tangerang
1020000000.0,65.0,90.0,2.0,1.0,1.0,Tangerang
3600000000.0,176.0,144.0,4.0,3.0,1.0,Tangerang
1440000000.0,110.0,96.0,4.0,2.0,1.0,Tangerang
660000000.0,72.0,60.0,3.0,2.0,0.0,Tangerang
660000000.0,72.0,60.0,3.0,2.0,0.0,Tangerang
1440000000.0,110.0,96.0,4.0,2.0,1.0,Tangerang
595000000.0,126.0,63.0,3.0,2.0,0.0,Tangerang
770000000.0,45.0,70.0,2.0,2.0,1.0,Tangerang
825000000.0,44.0,40.0,2.0,2.0,0.0,Tangerang
1990000000.0,90.0,120.0,3.0,2.0,2.0,Tangerang
950000000.0,80.0,96.0,2.0,1.0,0.0,Tangerang
750000000.0,60.0,90.0,2.0,1.0,0.0,Tangerang
755000000.0,60.0,78.0,3.0,2.0,0.0,Tangerang
785000000.0,60.0,85.0,3.0,2.0,0.0,Tangerang
945000000.0,83.0,72.0,4.0,2.0,1.0,Tangerang
900000000.0,83.0,72.0,4.0,2.0,0.0,Tangerang
4200000000.0,300.0,210.0,6.0,3.0,1.0,Tangerang
1440000000.0,102.0,120.0,2.0,2.0,0.0,Tangerang
2220000000.0,130.0,120.0,3.0,3.0,1.0,Tangerang
945000000.0,83.0,72.0,4.0,2.0,0.0,Tangerang
650000000.0,36.0,72.0,2.0,1.0,0.0,Tangerang
650000000.0,96.0,72.0,3.0,2.0,1.0,Tangerang
954000000.0,78.0,72.0,3.0,2.0,0.0,Tangerang
975000000.0,78.0,72.0,4.0,2.0,1.0,Tangerang
850000000.0,108.0,135.0,4.0,2.0,0.0,Tangerang
800000000.0,65.0,60.0,3.0,2.0,0.0,Tangerang
4200000000.0,300.0,210.0,6.0,3.0,0.0,Tangerang
1440000000.0,102.0,120.0,2.0,2.0,0.0,Tangerang
1530000000.0,95.0,90.0,2.0,2.0,0.0,Tangerang
755000000.0,60.0,78.0,3.0,2.0,0.0,Tangerang
785000000.0,60.0,85.0,3.0,2.0,0.0,Tangerang
2220000000.0,130.0,120.0,3.0,3.0,1.0,Tangerang
2220000000.0,130.0,120.0,3.0,3.0,1.0,Tangerang
450000000.0,46.0,60.0,2.0,2.0,2.0,Tangerang
630000000.0,40.0,72.0,2.0,2.0,1.0,Tangerang
500000000.0,50.0,72.0,2.0,1.0,1.0,Tangerang
630000000.0,40.0,72.0,2.0,2.0,1.0,Tangerang
520000000.0,65.0,90.0,3.0,1.0,0.0,Tangerang
1440000000.0,100.0,164.0,4.0,1.0,1.0,Tangerang
1100000000.0,63.0,60.0,2.0,2.0,0.0,Tangerang
500000000.0,50.0,72.0,2.0,1.0,1.0,Tangerang
2200000000.0,126.0,105.0,3.0,3.0,0.0,Tangerang
1700000000.0,126.0,105.0,3.0,3.0,0.0,Tangerang
630000000.0,40.0,72.0,2.0,2.0,1.0,Tangerang
1440000000.0,100.0,164.0,4.0,1.0,1.0,Tangerang
1440000000.0,100.0,164.0,4.0,2.0,0.0,Tangerang
2050000000.0,139.0,180.0,3.0,3.0,0.0,Tangerang
630000000.0,40.0,72.0,2.0,2.0,1.0,Tangerang
960000000.0,62.0,119.0,2.0,1.0,1.0,Tangerang
2900000000.0,190.0,160.0,4.0,3.0,0.0,Tangerang
1850000000.0,180.0,160.0,2.0,2.0,0.0,Tangerang
968000000.0,74.0,40.0,4.0,2.0,0.0,Tangerang
2250000000.0,134.0,160.0,3.0,3.0,0.0,Tangerang
525000000.0,72.0,72.0,3.0,2.0,1.0,Tangerang
1900000000.0,200.0,180.0,3.0,3.0,0.0,Tangerang
1300000000.0,124.0,54.0,3.0,2.0,0.0,Tangerang
1400000000.0,112.0,96.0,3.0,2.0,0.0,Tangerang
980000000.0,84.0,136.0,2.0,1.0,0.0,Tangerang
1000000000.0,84.0,136.0,3.0,2.0,0.0,Tangerang
1050000000.0,97.0,77.0,4.0,3.0,0.0,Tangerang
1350000000.0,81.0,160.0,2.0,1.0,0.0,Tangerang
7400000000.0,285.0,220.0,4.0,4.0,1.0,Tangerang
4300000000.0,185.0,220.0,3.0,3.0,0.0,Tangerang
1040000000.0,95.0,72.0,3.0,2.0,1.0,Tangerang
1590000000.0,126.0,90.0,4.0,3.0,1.0,Tangerang
1590000000.0,126.0,90.0,4.0,3.0,1.0,Tangerang
1230000000.0,62.0,71.0,2.0,2.0,0.0,Tangerang
588000000.0,36.0,72.0,2.0,1.0,1.0,Tangerang
588000000.0,36.0,72.0,2.0,1.0,1.0,Tangerang
4200000000.0,300.0,210.0,6.0,3.0,0.0,Tangerang
1440000000.0,102.0,120.0,2.0,2.0,0.0,Tangerang
1060000000.0,151.0,106.0,4.0,3.0,1.0,Tangerang
1020000000.0,65.0,90.0,2.0,1.0,1.0,Tangerang
660000000.0,72.0,60.0,3.0,2.0,0.0,Tangerang
936000000.0,83.0,72.0,4.0,2.0,1.0,Tangerang
751000000.0,68.0,83.0,2.0,2.0,0.0,Tangerang
1500000000.0,180.0,120.0,4.0,2.0,0.0,Tangerang
800000000.0,57.0,81.0,2.0,1.0,0.0,Tangerang
920000000.0,54.0,60.0,3.0,1.0,0.0,Tangerang
548000000.0,36.0,50.0,2.0,1.0,1.0,Tangerang
920000000.0,54.0,60.0,3.0,1.0,0.0,Tangerang
1250000000.0,75.0,60.0,2.0,2.0,0.0,Tangerang
920000000.0,54.0,60.0,3.0,1.0,0.0,Tangerang
1200000000.0,120.0,84.0,3.0,2.0,1.0,Tangerang
1220000000.0,108.0,72.0,4.0,2.0,0.0,Tangerang
975000000.0,50.0,72.0,2.0,1.0,1.0,Tangerang
3590000000.0,18.0,144.0,3.0,3.0,0.0,Tangerang
4000000000.0,180.0,120.0,3.0,2.0,1.0,Tangerang
1370000000.0,80.0,48.0,2.0,2.0,0.0,Tangerang
1300000000.0,86.0,63.0,3.0,2.0,1.0,Tangerang
1700000000.0,100.0,63.0,2.0,2.0,0.0,Tangerang
1490000000.0,158.0,132.0,3.0,2.0,0.0,Tangerang
755000000.0,60.0,78.0,3.0,2.0,0.0,Tangerang
785000000.0,60.0,85.0,3.0,2.0,0.0,Tangerang
1400000000.0,86.0,66.0,2.0,2.0,0.0,Tangerang
3500000000.0,300.0,200.0,5.0,3.0,0.0,Tangerang
2300000000.0,120.0,120.0,4.0,4.0,0.0,Tangerang
1900000000.0,160.0,160.0,4.0,3.0,0.0,Tangerang
2600000000.0,200.0,200.0,3.0,2.0,0.0,Tangerang
3000000000.0,194.0,112.0,4.0,3.0,0.0,Tangerang
4200000000.0,300.0,210.0,6.0,3.0,1.0,Tangerang
1170000000.0,92.0,75.0,3.0,3.0,0.0,Tangerang
1760000000.0,126.0,105.0,3.0,3.0,0.0,Tangerang
975000000.0,72.0,72.0,4.0,2.0,1.0,Tangerang
1890000000.0,120.0,190.0,2.0,2.0,1.0,Tangerang
845000000.0,54.0,72.0,3.0,2.0,0.0,Tangerang
1600000000.0,180.0,140.0,6.0,3.0,2.0,Tangerang
1120000000.0,74.0,60.0,3.0,2.0,0.0,Tangerang
1100000000.0,120.0,45.0,2.0,2.0,0.0,Tangerang
4500000000.0,200.0,225.0,3.0,2.0,0.0,Tangerang
900000000.0,86.0,70.0,2.0,3.0,0.0,Tangerang
2520000000.0,125.0,132.0,4.0,3.0,0.0,Tangerang
2300000000.0,125.0,132.0,3.0,2.0,0.0,Tangerang
1300000000.0,100.0,126.0,3.0,2.0,0.0,Tangerang
485000000.0,40.0,70.0,2.0,1.0,0.0,Tangerang
660000000.0,60.0,64.0,3.0,2.0,0.0,Tangerang
1400000000.0,84.0,80.0,3.0,3.0,2.0,Tangerang
1400000000.0,87.0,60.0,3.0,3.0,0.0,Tangerang
655000000.0,60.0,64.0,3.0,2.0,2.0,Tangerang
1600000000.0,70.0,120.0,3.0,2.0,0.0,Tangerang
3100000000.0,300.0,210.0,4.0,3.0,1.0,Tangerang
1220000000.0,60.0,60.0,3.0,2.0,0.0,Tangerang
1670000000.0,90.0,112.0,3.0,1.0,0.0,Tangerang
1350000000.0,50.0,90.0,2.0,2.0,1.0,Tangerang
1200000000.0,56.0,76.0,2.0,2.0,0.0,Tangerang
1250000000.0,100.0,120.0,3.0,1.0,0.0,Tangerang
1490000000.0,140.0,160.0,4.0,2.0,0.0,Tangerang
4890000000.0,257.0,180.0,3.0,3.0,0.0,Tangerang
4890000000.0,217.0,180.0,3.0,3.0,0.0,Tangerang
4500000000.0,164.0,180.0,4.0,3.0,1.0,Tangerang
3500000000.0,181.0,170.0,4.0,3.0,0.0,Tangerang
1750000000.0,70.0,77.0,3.0,2.0,0.0,Tangerang
2200000000.0,120.0,60.0,3.0,4.0,0.0,Tangerang
2760000000.0,165.0,72.0,4.0,3.0,0.0,Tangerang
1750000000.0,70.0,77.0,3.0,2.0,0.0,Tangerang
3400000000.0,163.0,135.0,4.0,3.0,0.0,Tangerang
3850000000.0,144.0,120.0,2.0,2.0,2.0,Tangerang
3200000000.0,144.0,120.0,3.0,3.0,0.0,Tangerang
2550000000.0,92.0,119.0,3.0,2.0,0.0,Tangerang
3000000000.0,192.0,120.0,3.0,2.0,0.0,Tangerang
3400000000.0,171.0,135.0,3.0,3.0,0.0,Tangerang
1200000000.0,80.0,80.0,3.0,2.0,0.0,Tangerang
1590000000.0,80.0,63.0,3.0,2.0,1.0,Tangerang
3500000000.0,220.0,163.0,4.0,4.0,0.0,Tangerang
2000000000.0,150.0,161.0,4.0,3.0,0.0,Tangerang
1100000000.0,160.0,110.0,4.0,3.0,0.0,Tangerang
2950000000.0,240.0,128.0,3.0,3.0,1.0,Tangerang
2950000000.0,240.0,128.0,3.0,3.0,1.0,Tangerang
3500000000.0,170.0,163.0,10.0,10.0,0.0,Tangerang
3500000000.0,240.0,180.0,4.0,3.0,0.0,Tangerang
4300000000.0,144.0,144.0,3.0,3.0,0.0,Tangerang
2750000000.0,190.0,128.0,4.0,3.0,0.0,Tangerang
1600000000.0,108.0,108.0,2.0,2.0,0.0,Tangerang
4200000000.0,300.0,210.0,6.0,3.0,1.0,Tangerang
1500000000.0,90.0,127.0,3.0,3.0,0.0,Tangerang
1400000000.0,90.0,50.0,2.0,2.0,0.0,Tangerang
1700000000.0,200.0,135.0,3.0,4.0,2.0,Tangerang
655000000.0,60.0,64.0,3.0,2.0,2.0,Tangerang
1700000000.0,100.0,120.0,3.0,3.0,0.0,Tangerang
2000000000.0,130.0,98.0,3.0,2.0,1.0,Tangerang
2700000000.0,180.0,136.0,4.0,3.0,2.0,Tangerang
2050000000.0,125.0,98.0,3.0,3.0,0.0,Tangerang
2050000000.0,125.0,98.0,3.0,3.0,0.0,Tangerang
1130000000.0,70.0,120.0,2.0,1.0,0.0,Tangerang
1950000000.0,125.0,224.0,3.0,2.0,0.0,Tangerang
1990000000.0,130.0,98.0,3.0,2.0,0.0,Tangerang
1990000000.0,130.0,98.0,3.0,2.0,0.0,Tangerang
1000000000.0,130.0,155.0,3.0,3.0,0.0,Tangerang
1600000000.0,65.0,72.0,2.0,2.0,0.0,Tangerang
2200000000.0,120.0,180.0,3.0,2.0,0.0,Tangerang
920000000.0,54.0,60.0,3.0,1.0,0.0,Tangerang
950000000.0,110.0,55.0,3.0,2.0,1.0,Tangerang
950000000.0,110.0,55.0,3.0,2.0,0.0,Tangerang
1850000000.0,200.0,110.0,4.0,2.0,0.0,Tangerang
1590000000.0,100.0,63.0,3.0,2.0,1.0,Tangerang
1800000000.0,180.0,130.0,3.0,2.0,1.0,Tangerang
3500000000.0,220.0,163.0,4.0,4.0,0.0,Tangerang
920000000.0,54.0,60.0,3.0,1.0,0.0,Tangerang
900000000.0,45.0,81.0,2.0,1.0,1.0,Tangerang
2600000000.0,177.0,117.0,4.0,3.0,0.0,Tangerang
3700000000.0,135.0,120.0,3.0,3.0,0.0,Tangerang
1700000000.0,300.0,146.0,4.0,2.0,2.0,Tangerang
3280000000.0,87.0,87.0,3.0,3.0,0.0,Tangerang
1610000000.0,101.0,101.0,7.0,3.0,5.0,Tangerang
895000000.0,90.0,135.0,2.0,1.0,0.0,Tangerang
4300000000.0,200.0,144.0,3.0,3.0,2.0,Tangerang
4300000000.0,280.0,205.0,4.0,3.0,0.0,Tangerang
2400000000.0,140.0,128.0,3.0,3.0,0.0,Tangerang
3400000000.0,300.0,203.0,5.0,4.0,0.0,Tangerang
2950000000.0,250.0,160.0,3.0,3.0,1.0,Tangerang
2500000000.0,109.0,90.0,3.0,2.0,0.0,Tangerang
3200000000.0,145.0,105.0,3.0,3.0,0.0,Tangerang
2900000000.0,145.0,109.0,3.0,2.0,2.0,Tangerang
2800000000.0,137.0,105.0,4.0,3.0,0.0,Tangerang
2250000000.0,200.0,118.0,4.0,4.0,0.0,Tangerang
1400000000.0,72.0,60.0,3.0,2.0,0.0,Tangerang
2500000000.0,264.0,121.0,3.0,2.0,1.0,Tangerang
3200000000.0,114.0,98.0,3.0,3.0,0.0,Tangerang
600000000.0,63.0,72.0,2.0,2.0,2.0,Tangerang
2000000000.0,175.0,200.0,3.0,3.0,0.0,Tangerang
818000000.0,72.0,70.0,3.0,2.0,0.0,Tangerang
1940000000.0,147.0,120.0,3.0,3.0,0.0,Tangerang
1680000000.0,126.0,105.0,3.0,3.0,0.0,Tangerang
1950000000.0,206.0,103.0,7.0,2.0,0.0,Tangerang
1780000000.0,97.0,98.0,3.0,3.0,0.0,Tangerang
1270000000.0,51.0,105.0,3.0,2.0,2.0,Tangerang
1100000000.0,51.0,84.0,3.0,1.0,0.0,Tangerang
2700000000.0,120.0,126.0,3.0,2.0,0.0,Tangerang
636000000.0,60.0,66.0,3.0,2.0,0.0,Tangerang
1300000000.0,83.0,80.0,3.0,3.0,2.0,Tangerang
1000000000.0,80.0,61.0,3.0,3.0,2.0,Tangerang
1250000000.0,95.0,80.0,3.0,2.0,2.0,Tangerang
337000000.0,33.0,60.0,2.0,1.0,0.0,Tangerang
550000000.0,57.0,60.0,3.0,2.0,0.0,Tangerang
550000000.0,45.0,140.0,2.0,1.0,1.0,Tangerang
3500000000.0,212.0,144.0,3.0,2.0,0.0,Tangerang
3500000000.0,160.0,128.0,4.0,3.0,0.0,Tangerang
3550000000.0,160.0,128.0,4.0,3.0,0.0,Tangerang
1750000000.0,63.0,144.0,2.0,1.0,0.0,Tangerang
1400000000.0,90.0,120.0,2.0,1.0,0.0,Tangerang
1600000000.0,71.0,70.0,3.0,2.0,0.0,Tangerang
1500000000.0,90.0,96.0,3.0,3.0,0.0,Tangerang
2350000000.0,125.0,237.0,3.0,2.0,0.0,Tangerang
2900000000.0,205.0,200.0,4.0,3.0,0.0,Tangerang
2100000000.0,130.0,108.0,3.0,3.0,0.0,Tangerang
580000000.0,120.0,72.0,2.0,2.0,0.0,Tangerang
2300000000.0,300.0,155.0,4.0,4.0,0.0,Tangerang
550000000.0,57.0,60.0,3.0,2.0,1.0,Tangerang
6100000000.0,240.0,240.0,4.0,4.0,2.0,Tangerang
634000000.0,60.0,64.0,3.0,2.0,0.0,Tangerang
660000000.0,60.0,64.0,3.0,2.0,0.0,Tangerang
655000000.0,60.0,68.0,3.0,2.0,2.0,Tangerang
2270000000.0,180.0,108.0,1.0,3.0,0.0,Tangerang
2350000000.0,205.0,144.0,4.0,4.0,0.0,Tangerang
875000000.0,86.0,75.0,2.0,2.0,0.0,Tangerang
3100000000.0,220.0,175.0,4.0,3.0,2.0,Tangerang
125000000.0,36.0,60.0,2.0,1.0,0.0,Tangerang
1300000000.0,140.0,56.0,3.0,3.0,0.0,Tangerang
1600000000.0,120.0,60.0,3.0,3.0,1.0,Tangerang
3650000000.0,157.0,198.0,3.0,3.0,1.0,Tangerang
3000000000.0,134.0,108.0,4.0,3.0,0.0,Tangerang
3000000000.0,134.0,108.0,4.0,3.0,0.0,Tangerang
2550000000.0,141.0,162.0,3.0,2.0,0.0,Tangerang
4000000000.0,200.0,150.0,4.0,3.0,1.0,Tangerang
6250000000.0,300.0,240.0,4.0,4.0,1.0,Tangerang
1100000000.0,140.0,77.0,2.0,2.0,0.0,Tangerang
1300000000.0,130.0,115.0,5.0,3.0,0.0,Tangerang
4000000000.0,250.0,220.0,4.0,3.0,0.0,Tangerang
3300000000.0,120.0,225.0,3.0,3.0,0.0,Tangerang
3300000000.0,153.0,252.0,3.0,3.0,0.0,Tangerang
1550000000.0,68.0,60.0,2.0,2.0,0.0,Tangerang
85000000.0,40.0,60.0,2.0,1.0,1.0,Tangerang
1790000000.0,62.0,50.0,2.0,3.0,0.0,Tangerang
755000000.0,60.0,78.0,3.0,2.0,0.0,Tangerang
785000000.0,60.0,85.0,3.0,2.0,0.0,Tangerang
785000000.0,60.0,85.0,3.0,2.0,0.0,Tangerang
685000000.0,60.0,64.0,3.0,2.0,0.0,Tangerang
1200000000.0,78.0,60.0,3.0,2.0,0.0,Tangerang
685000000.0,60.0,64.0,3.0,2.0,0.0,Tangerang
588000000.0,36.0,72.0,2.0,1.0,1.0,Tangerang
785000000.0,60.0,85.0,3.0,2.0,0.0,Tangerang
755000000.0,60.0,78.0,3.0,2.0,0.0,Tangerang
800000000.0,65.0,60.0,3.0,2.0,0.0,Tangerang
655000000.0,60.0,64.0,3.0,2.0,2.0,Tangerang
